id,title,budget,revenue,runtime,popularity,vote_average,vote_count,release_date,genres
8204,The Spiderwick Chronicles,90000000,164200000,95,7.1093,6.707,2896,2008-02-14,"Family, Adventure, Fantasy, Drama"
14,American Beauty,15000000,356296601,122,10.9627,7.999,13153,1999-09-15,Drama
18,The Fifth Element,90000000,263920180,126,19.8421,7.586,11891,1997-05-02,"Science Fiction, Action, Adventure"
19,Metropolis,5300000,1350322,148,5.4421,8.082,3133,1927-01-10,"Drama, Science Fiction"
22,Pirates of the Caribbean: The Curse of the Black Pearl,140000000,655011224,143,24.5336,7.831,22458,2003-07-09,"Adventure, Fantasy, Action"
24,Kill Bill: Vol. 1,30000000,180906076,111,14.3668,7.972,19117,2003-10-10,"Action, Crime"
122906,About Time,12000000,87100449,123,10.9438,7.907,9358,2013-09-04,"Drama, Romance, Fantasy"
27,9 Songs,1000000,1574623,70,18.6979,5.544,586,2004-07-16,"Drama, Music, Romance"
28,Apocalypse Now,31500000,150000000,147,13.9241,8.266,9195,1979-05-19,"Drama, War"
311324,The Great Wall,150000000,331957105,103,9.8073,6.034,5595,2016-12-16,"Action, Adventure, Fantasy"
376867,Moonlight,4000000,65046687,111,9.2217,7.357,7588,2016-10-21,Drama
8247,Jumper,85000000,222231186,88,6.8142,6.166,6293,2008-02-13,"Action, Adventure, Science Fiction"
58,Pirates of the Caribbean: Dead Man's Chest,200000000,1066179747,151,20.3057,7.387,17347,2006-07-06,"Adventure, Fantasy, Action"
62,2001: A Space Odyssey,12000000,71923560,149,18.5888,8.0,12725,1968-04-02,"Science Fiction, Mystery, Adventure"
63,Twelve Monkeys,29000000,168841459,129,9.4151,7.6,9214,1995-12-29,"Science Fiction, Thriller, Mystery"
65,8 Mile,41000000,242875078,111,8.6504,7.147,7885,2002-11-08,"Drama, Music"
417859,Puss in Boots,130000000,554987477,90,9.296,6.609,4649,2011-10-27,"Action, Adventure, Animation, Comedy, Family"
68,Brazil,15000000,9953708,143,6.2775,7.657,3746,1985-02-20,"Comedy, Science Fiction"
70,Million Dollar Baby,30000000,216763646,132,6.7471,7.953,10436,2004-12-05,Drama
73,American History X,20000000,23900000,119,11.5249,8.327,12692,1998-07-01,Drama
74,War of the Worlds,132000000,603873119,117,11.8573,6.555,9308,2005-06-28,"Adventure, Thriller, Science Fiction"
696393,Cold Storage,10000000,4048606,99,15.2701,6.717,576,2026-01-22,"Horror, Science Fiction, Comedy"
75,Mars Attacks!,70000000,101371017,106,7.0021,6.427,5928,1996-12-13,"Comedy, Fantasy, Science Fiction"
77,Memento,9000000,40060108,113,21.9382,8.175,16428,2000-10-11,"Mystery, Thriller"
180299,The Raid 2,4500000,6566916,150,5.8314,7.615,2624,2014-03-27,"Action, Crime, Thriller"
426063,Nosferatu,50000000,181805645,133,16.6277,6.709,3785,2024-12-25,"Horror, Fantasy"
79,Hero,31000000,177394432,99,9.7049,7.507,2533,2002-12-19,"Drama, Adventure, Action, History"
87,Indiana Jones and the Temple of Doom,28000000,333000000,118,11.5206,7.311,10207,1984-05-23,"Adventure, Action"
89,Indiana Jones and the Last Crusade,48000000,474171806,127,11.7049,7.854,11170,1989-05-24,"Adventure, Action"
90,Beverly Hills Cop,14000000,316360478,105,7.5097,7.21,4644,1984-12-05,"Comedy, Crime, Action"
95,Armageddon,140000000,553799566,151,11.2808,6.833,8672,1998-07-01,"Action, Science Fiction, Adventure"
98,Gladiator,103000000,465516248,155,27.5663,8.229,21110,2000-05-04,"Action, Drama, Adventure"
101,Léon: The Professional,16000000,20330788,111,19.772,8.294,16248,1994-09-14,"Crime, Drama, Action"
1368166,The Housemaid,35000000,399644671,131,49.9175,7.273,2678,2025-12-18,"Mystery, Thriller"
103,Taxi Driver,1900000,28579636,114,13.6434,8.124,13561,1976-02-09,"Crime, Drama"
974950,Emilia Pérez,26000000,16317120,132,8.7957,6.45,1993,2024-08-21,"Drama, Thriller"
105,Back to the Future,19000000,381109762,116,24.5096,8.327,22017,1985-07-03,"Adventure, Comedy, Science Fiction"
106,Predator,15000000,98267558,107,20.3567,7.573,9287,1987-06-12,"Science Fiction, Action, Adventure, Thriller"
335977,Indiana Jones and the Dial of Destiny,294700000,383963057,155,10.6767,6.511,4233,2023-06-25,"Adventure, Action"
107,Snatch,100000000,83557872,103,10.476,7.827,10079,2000-09-01,"Crime, Comedy"
111,Scarface,25000000,66023329,170,20.6864,8.155,13193,1983-12-09,"Action, Crime, Drama"
335984,Blade Runner 2049,150000000,259239658,164,23.682,7.598,15334,2017-10-04,"Science Fiction, Drama"
335983,Venom,116000000,856085151,112,12.179,6.825,17356,2018-09-28,"Science Fiction, Action"
950387,A Minecraft Movie,150000000,960387780,101,29.7336,6.255,3127,2025-03-31,"Family, Fantasy, Comedy, Adventure"
117,The Untouchables,25000000,76270454,119,7.3528,7.758,6228,1987-06-03,"Crime, History, Thriller"
118,Charlie and the Chocolate Factory,150000000,475000000,115,14.6826,7.038,16220,2005-07-13,"Adventure, Comedy, Family, Fantasy"
1007734,Nobody 2,25000000,43285109,89,11.2591,6.917,1690,2025-08-13,"Action, Thriller, Comedy"
120,The Lord of the Rings: The Fellowship of the Ring,93000000,871368364,179,35.7366,8.439,27893,2001-12-18,"Adventure, Fantasy, Action"
122,The Lord of the Rings: The Return of the King,94000000,1118888979,201,41.1725,8.502,26895,2003-12-17,"Adventure, Fantasy, Action"
128,Princess Mononoke,23500000,176506186,134,17.2595,8.322,9115,1997-07-12,"Adventure, Fantasy, Animation"
129,Spirited Away,19000000,274925095,125,32.5442,8.535,18571,2001-07-20,"Animation, Family, Fantasy"
245891,John Wick,20000000,86085191,101,12.0227,7.5,21019,2014-10-16,"Action, Thriller"
134,"O Brother, Where Art Thou?",26000000,71877090,107,7.7367,7.327,4650,2000-08-30,"Adventure, Comedy, Crime"
1007757,Swapped,7,7,102,68.1406,8.91,1983,2026-05-01,"Adventure, Animation, Family, Fantasy"
141,Donnie Darko,4500000,7500000,114,10.5821,7.762,13528,2001-01-19,"Fantasy, Drama, Mystery"
142,Brokeback Mountain,14000000,178043761,134,9.2349,7.786,7623,2005-10-22,"Drama, Romance"
458897,Charlie's Angels,48000000,73279888,118,7.5554,6.376,3171,2019-11-14,"Action, Adventure, Comedy"
524434,Eternals,200000000,402064899,156,12.719,6.8,9242,2021-11-03,"Science Fiction, Action, Adventure"
146,"Crouching Tiger, Hidden Dragon",17000000,213978518,120,7.8263,7.4,3617,2000-07-06,"Adventure, Drama, Action, Romance"
8337,They Live,4000000,13000000,93,7.4337,7.3,3526,1988-11-04,"Science Fiction, Action, Thriller"
149,Akira,5700000,49000000,124,11.7951,7.939,4851,1988-06-10,"Animation, Science Fiction, Action"
150,48 Hrs.,12000000,78868508,96,6.2558,6.685,1743,1982-12-07,"Crime, Action, Comedy"
1278101,Big World,7000000,109500000,131,4.9368,8.4,100,2024-12-27,"Drama, Family"
153,Lost in Translation,4000000,119723856,102,9.5303,7.38,8171,2003-09-18,"Drama, Comedy, Romance"
155,The Dark Knight,185000000,1004558444,152,47.9347,8.533,36151,2008-07-16,"Action, Crime, Thriller"
162,Edward Scissorhands,20000000,86024005,105,11.1576,7.72,13867,1990-12-07,"Fantasy, Drama, Romance"
8355,Ice Age: Dawn of the Dinosaurs,90000000,886686817,94,12.5124,6.773,8950,2009-06-26,"Animation, Comedy, Family, Adventure"
163,Ocean's Twelve,110000000,362744280,125,8.2506,6.566,7987,2004-12-09,"Thriller, Crime"
165,Back to the Future Part II,40000000,332000000,108,9.4383,7.786,14062,1989-11-22,"Adventure, Comedy, Science Fiction"
8358,Cast Away,90000000,429632142,143,11.7087,7.665,12367,2000-12-22,"Adventure, Drama"
8356,An Affair to Remember,2100000,3800000,111,7.5759,7.385,516,1957-07-11,"Drama, Romance"
168,Star Trek IV: The Voyage Home,21000000,133000000,118,7.4542,7.179,1672,1986-11-26,"Science Fiction, Adventure"
169,Predator 2,35000000,57120318,108,10.1871,6.308,3891,1990-11-21,"Science Fiction, Action, Thriller"
1245347,Twinless,2000000,1400477,100,6.467,7.2,164,2025-09-04,"Comedy, Drama"
8363,Superbad,20000000,170800000,113,14.4488,7.269,8180,2007-08-17,Comedy
164,Breakfast at Tiffany's,2500000,9500000,115,6.2845,7.621,4513,1961-10-06,"Comedy, Romance, Drama"
8367,Robin Hood: Prince of Thieves,48000000,390493908,143,7.0234,6.856,3627,1991-06-14,"Action, Adventure, Drama"
254128,San Andreas,110000000,473990832,114,12.9247,6.248,9092,2015-05-27,"Action, Drama, Thriller"
176,Saw,1200000,104045735,103,12.0663,7.424,10170,2004-10-01,"Horror, Mystery, Crime"
180,Minority Report,102000000,358372926,145,8.0883,7.356,9730,2002-06-20,"Science Fiction, Action, Thriller"
185,A Clockwork Orange,2200000,27033812,137,11.3242,8.175,13931,1971-10-28,"Science Fiction, Crime"
696506,Mickey 17,118000000,133542263,137,16.7945,6.837,3699,2025-02-28,"Science Fiction, Comedy, Adventure"
187,Sin City,40000000,158733820,124,6.8953,7.465,8920,2005-04-01,"Crime, Thriller"
189,Sin City: A Dame to Kill For,65000000,39407616,102,8.1354,6.404,4202,2014-08-20,"Action, Crime, Thriller"
194,Amélie,10000000,173921954,122,12.7263,7.919,12489,2001-04-25,"Comedy, Romance"
41154,Men in Black 3,225000000,654213485,106,7.128,6.546,11065,2012-05-23,"Action, Comedy, Science Fiction"
196,Back to the Future Part III,40000000,244527583,119,7.6769,7.5,11631,1990-05-25,"Adventure, Comedy, Science Fiction"
199,Star Trek: First Contact,46000000,146027888,111,7.917,7.301,1977,1996-11-22,"Science Fiction, Action, Adventure, Thriller"
8392,My Neighbor Totoro,3700000,41000000,86,14.9148,8.064,8921,1988-04-16,"Fantasy, Animation, Family"
200,Star Trek: Insurrection,70000000,112587658,103,6.799,6.447,1366,1998-12-11,"Science Fiction, Action, Adventure, Thriller"
201,Star Trek: Nemesis,60000000,67336470,116,6.7829,6.299,1607,2002-12-13,"Science Fiction, Action, Adventure, Thriller"
8393,The Gods Must Be Crazy,5000000,200000000,109,6.3406,7.27,1333,1980-09-10,"Action, Comedy"
207,Dead Poets Society,16400000,235860116,129,17.4092,8.3,12733,1989-06-02,Drama
1155281,Creation of the Gods II: Demon Force,120000000,172619925,145,6.6667,6.5,134,2025-01-29,"Action, Fantasy, War"
214,Saw III,10000000,164874275,108,9.1741,6.42,5001,2006-10-26,"Horror, Thriller, Crime"
215,Saw II,4000000,152925093,93,12.0269,6.608,5949,2005-10-28,Horror
217,Indiana Jones and the Kingdom of the Crystal Skull,185000000,786636033,122,10.1258,6.028,9104,2008-05-21,"Adventure, Action"
218,The Terminator,6400000,78371200,108,18.1818,7.685,14790,1984-10-26,"Action, Thriller, Science Fiction"
8413,Event Horizon,60000000,26700000,96,9.0641,6.6,3350,1997-08-15,"Horror, Science Fiction, Mystery"
227,The Outsiders,10000000,33697647,91,6.62,7.18,1573,1983-03-25,"Crime, Drama"
235,Stand by Me,8000000,52289686,89,9.4912,7.835,6602,1986-08-08,"Crime, Drama"
238,The Godfather,6000000,245066411,175,38.2677,8.687,23197,1972-03-14,"Drama, Crime"
239,Some Like It Hot,2900000,25000000,123,7.2806,8.076,3925,1959-03-19,"Comedy, Romance, Crime"
240,The Godfather Part II,13000000,102600000,202,27.8225,8.572,14072,1974-12-20,"Drama, Crime"
242,The Godfather Part III,54000000,136766062,162,12.1457,7.421,6937,1990-12-25,"Crime, Drama, Thriller"
251,Ghost,22000000,505000000,127,9.4355,7.239,6093,1990-07-13,"Fantasy, Romance, Thriller"
252,Willy Wonka & the Chocolate Factory,3000000,4000000,100,7.6196,7.5,3988,1971-06-29,"Family, Fantasy, Comedy"
253,Live and Let Die,7000000,126400000,121,8.7065,6.503,2320,1973-06-27,"Adventure, Action, Thriller"
254,King Kong,207000000,562363449,188,10.4927,6.895,8579,2005-12-12,"Adventure, Drama, Action"
196867,Annie,65000000,136853506,118,6.3487,6.243,1364,2014-12-18,"Comedy, Drama, Family"
8452,The 6th Day,82000000,96085477,123,5.7474,6.0,2298,2000-11-17,"Action, Science Fiction, Thriller"
991494,The SpongeBob Movie: Search for SquarePants,64000000,163197450,88,21.0543,6.807,321,2025-12-16,"Adventure, Animation, Comedy, Family, Fantasy"
268,Batman,35000000,411348924,126,9.5403,7.2,8657,1989-06-21,"Fantasy, Action, Crime"
1122573,In the Grey,70000000,27225194,97,54.1602,7.539,546,2026-05-13,"Action, Thriller"
272,Batman Begins,150000000,374218673,140,23.0255,7.728,22809,2005-06-10,"Drama, Crime, Action"
1368337,The Odyssey,250000000,303975510,173,1036.952,7.929,1076,2026-07-15,"Adventure, Action, Fantasy"
279,Amadeus,18000000,90007557,160,6.603,8.024,4811,1984-09-19,"Drama, History, Music"
280,Terminator 2: Judgment Day,102000000,517778573,137,20.8345,8.158,14505,1991-07-03,"Action, Thriller, Science Fiction"
284,The Apartment,3000000,25000000,126,6.3871,8.187,2702,1960-06-21,"Comedy, Drama, Romance"
285,Pirates of the Caribbean: At World's End,300000000,961691209,169,17.4035,7.278,15620,2007-05-19,"Adventure, Fantasy, Action"
289,Casablanca,878000,10462500,102,9.8173,8.137,6112,1943-01-15,"Drama, Romance"
49444,Kung Fu Panda 2,150000000,665692281,91,12.6967,7.075,7992,2011-05-25,"Animation, Family, Comedy, Action"
296,Terminator 3: Rise of the Machines,200000000,435000000,109,9.5166,6.2,7341,2003-07-02,"Action, Thriller, Science Fiction"
298,Ocean's Thirteen,85000000,311312624,122,6.7243,6.726,6961,2007-06-05,"Crime, Thriller"
467244,The Zone of Interest,15000000,52631884,105,10.5104,7.011,2662,2023-12-15,"Drama, History, War"
310,Bruce Almighty,80000000,484592874,101,9.3709,6.728,11571,2003-05-23,"Fantasy, Comedy"
1311031,Demon Slayer: Kimetsu no Yaiba Infinity Castle,20000000,733030221,156,100.5174,7.746,907,2025-07-18,"Animation, Action, Fantasy"
311,Once Upon a Time in America,30000000,5500000,229,14.9696,8.377,6111,1984-05-23,"Drama, Crime"
319,True Romance,12500000,12600000,121,7.5701,7.541,3109,1993-09-09,"Action, Crime, Romance"
320,Insomnia,46000000,113714830,118,9.5799,6.956,5379,2002-05-24,"Thriller, Crime, Drama"
322,Mystic River,25000000,156800000,138,8.0967,7.747,7542,2003-10-08,"Thriller, Drama, Mystery"
326,Snakes on a Plane,33000000,62022014,105,7.7436,5.487,2017,2006-08-17,"Action, Thriller, Adventure, Crime, Horror"
329,Jurassic Park,63000000,920100000,127,12.5529,7.975,18066,1993-06-11,"Adventure, Science Fiction"
335,Once Upon a Time in the West,5000000,5380118,166,12.1551,8.272,4959,1968-12-21,"Drama, Western"
345,Eyes Wide Shut,65000000,162100000,159,14.2395,7.5,7133,1999-07-16,"Drama, Thriller, Mystery"
346,Seven Samurai,2000000,105000000,207,12.3464,8.45,4284,1954-04-26,"Action, Drama"
1212763,Evil Dead Burn,20000000,857423,110,64.7557,6.8,186,2026-07-07,"Horror, Thriller"
350,The Devil Wears Prada,35000000,326588371,109,38.9067,7.441,13934,2006-06-29,"Drama, Comedy"
172385,Rio 2,103000000,498781117,101,8.6334,6.519,3798,2014-03-19,"Animation, Adventure, Comedy, Family"
262504,Allegiant,110000000,179246868,120,7.6376,6.101,7028,2016-03-09,"Adventure, Science Fiction, Action, Mystery"
364,Batman Returns,80000000,280000000,126,8.9267,6.9,7159,1992-06-19,"Action, Fantasy"
49517,Tinker Tailor Soldier Spy,30000000,81515369,127,6.7348,6.619,2953,2011-09-16,"Drama, Thriller, Mystery"
49519,The Croods,135000000,587204668,99,10.5523,6.941,7605,2013-03-15,"Animation, Adventure, Family, Comedy"
254320,The Lobster,4000000,15700000,119,6.2279,7.023,6948,2015-10-15,"Comedy, Drama, Romance"
49521,Man of Steel,225000000,668045518,143,15.9949,6.653,16354,2013-06-12,"Action, Adventure, Science Fiction"
377,A Nightmare on Elm Street,1800000,57004513,91,14.165,7.349,5809,1984-11-09,Horror
49529,John Carter,263700000,284100000,132,10.0262,6.376,6177,2012-03-07,"Action, Adventure, Science Fiction"
380,Rain Man,25000000,354825435,134,7.618,7.752,7169,1988-12-12,Drama
582014,Promising Young Woman,10000000,20379604,114,6.9322,7.382,3757,2020-12-13,"Thriller, Crime, Drama"
387,Das Boot,14000000,85000000,150,10.2085,8.082,2554,1981-09-17,"Drama, History, War"
1302916,Heart Eyes,18000000,33129099,97,7.2861,6.268,559,2025-02-06,"Horror, Romance, Comedy"
389,12 Angry Men,397751,4360000,97,22.53,8.565,10141,1957-04-10,Drama
391,A Fistful of Dollars,200000,14500000,99,7.0141,7.824,4769,1964-09-12,Western
388,Inside Man,45000000,186003591,129,6.7584,7.409,6429,2006-03-17,"Crime, Drama, Thriller"
8584,Shanghai Noon,55000000,99274467,110,6.019,6.419,2803,2000-05-26,"Adventure, Comedy, Western"
8587,The Lion King,45000000,763455561,89,25.5207,8.254,19865,1994-06-15,"Animation, Family, Drama"
395,AVP: Alien vs. Predator,70000000,177427090,101,7.9056,5.952,5025,2004-08-12,"Adventure, Science Fiction, Action, Horror"
278924,Mechanic: Resurrection,40000000,125729635,99,7.2361,6.065,3700,2016-08-25,"Action, Crime, Thriller, Adventure"
278927,The Jungle Book,175000000,966550600,106,11.0195,6.876,8550,2016-04-07,"Adventure, Family, Fantasy"
459151,The Boss Baby: Family Business,82000000,146745280,107,10.5401,7.328,2705,2021-07-01,"Animation, Comedy, Adventure, Family"
402,Basic Instinct,49000000,352927224,128,14.489,6.946,4434,1992-03-20,"Thriller, Mystery"
8592,Dick Tracy,47000000,103738726,105,6.7628,6.162,1058,1990-06-15,"Adventure, Comedy, Crime"
400,Things to Do in Denver When You're Dead,8000000,529766,116,5.9249,6.453,436,1995-12-01,"Drama, Crime"
411,"The Chronicles of Narnia: The Lion, the Witch and the Wardrobe",180000000,745013115,143,19.9533,7.139,11612,2005-12-07,"Adventure, Family, Fantasy"
414,Batman Forever,100000000,336529144,121,7.8313,5.459,5642,1995-06-16,"Action, Crime, Fantasy"
415,Batman & Robin,125000000,238207122,125,6.9601,4.396,5462,1997-06-20,"Action, Science Fiction, Adventure"
475557,Joker,55000000,1078958629,122,25.1436,8.122,27938,2019-10-01,"Crime, Thriller, Drama"
423,The Pianist,35000000,120098945,150,16.7979,8.372,10249,2002-09-17,"Drama, War"
426,Vertigo,2479000,7808900,128,8.3268,8.135,6394,1958-05-09,"Mystery, Romance, Thriller"
8619,Master and Commander: The Far Side of the World,150000000,211623421,138,6.8585,7.2,3574,2003-11-14,"Adventure, Drama, War"
429,"The Good, the Bad and the Ugly",1200000,38900000,161,17.331,8.466,9763,1966-12-23,Western
433,Mary Poppins,4650000,103100000,139,10.7673,7.546,5039,1964-12-17,"Comedy, Family, Fantasy"
435,The Day After Tomorrow,125000000,552639571,124,8.5665,6.56,8966,2004-05-26,"Science Fiction, Thriller, Adventure"
1212855,Fight or Flight,40000000,2482071,102,5.5167,6.252,395,2025-04-03,"Action, Comedy, Thriller"
440,Aliens vs Predator: Requiem,40000000,130290885,94,10.6679,5.167,3368,2007-12-25,"Action, Science Fiction, Thriller, Horror"
8643,The Exorcism of Emily Rose,19000000,145166804,122,5.5383,6.604,3085,2005-09-09,"Crime, Drama, Horror, Thriller"
453,A Beautiful Mind,58000000,316791257,135,9.4845,7.854,11181,2001-12-14,"Drama, Romance"
8645,The Happening,60000000,163403799,90,6.1919,5.405,4006,2008-06-11,"Thriller, Science Fiction"
57800,Ice Age: Continental Drift,95000000,877244782,88,17.906,6.392,8175,2012-06-27,"Animation, Comedy, Adventure, Family"
786892,Furiosa: A Mad Max Saga,168000000,174287546,149,17.102,7.448,5003,2024-05-22,"Action, Science Fiction, Adventure"
462,Erin Brockovich,52000000,256271286,131,6.5781,7.428,3686,2000-03-17,Drama
8656,Deep Impact,75000000,349464664,122,6.8531,6.237,3365,1998-05-08,"Action, Drama, Science Fiction"
360920,The Grinch,75000000,552976825,85,11.3435,6.865,4467,2018-11-08,"Animation, Comedy, Family, Fantasy"
16859,Kiki's Delivery Service,6900000,4493017,103,15.0372,7.839,4640,1989-07-29,"Animation, Family, Fantasy"
41439,Saw 3D,17000000,136151680,90,8.902,5.978,3339,2010-10-22,"Horror, Crime"
16869,Inglourious Basterds,70000000,321457747,153,19.6395,8.217,24408,2009-08-02,"Drama, Thriller, War"
41446,Scream 4,40000000,97231420,111,7.3745,6.481,4235,2011-04-13,"Horror, Mystery"
451048,Jungle Cruise,200000000,220889446,127,8.108,7.283,6225,2021-07-28,"Fantasy, Comedy, Adventure"
489,Good Will Hunting,10000000,225933435,127,21.3635,8.162,14005,1997-12-05,Drama
8681,Taken,25000000,226830568,94,12.165,7.409,12198,2008-02-18,"Action, Thriller"
490,The Seventh Seal,150000,311212,96,6.3743,8.144,3385,1957-02-16,"Fantasy, Drama"
496,Borat: Cultural Learnings of America for Make Benefit Glorious Nation of Kazakhstan,18000000,262552893,84,7.8012,6.789,6040,2006-11-01,Comedy
1057265,Peddi,36500000,35700000,189,33.2306,5.974,57,2026-06-03,"Action, Drama"
497,The Green Mile,60000000,286801374,189,30.8693,8.506,19467,1999-12-10,"Fantasy, Drama, Crime"
508,Love Actually,40000000,250779876,135,6.9169,7.099,7448,2003-09-07,"Comedy, Romance, Drama"
509,Notting Hill,42000000,363889678,124,7.3624,7.267,6780,1999-05-21,"Romance, Comedy"
510,One Flew Over the Cuckoo's Nest,3000000,108981275,135,14.522,8.409,11563,1975-11-19,Drama
188927,Star Trek Beyond,185000000,343471816,122,10.318,6.793,7161,2016-07-07,"Action, Adventure, Science Fiction"
254470,Pitch Perfect 2,29000000,287144079,115,8.1054,6.841,5545,2015-05-07,"Comedy, Music"
565770,Blue Beetle,104000000,130788072,128,13.0321,6.633,3164,2023-08-16,"Action, Science Fiction, Adventure"
524,Casino,50000000,116112375,179,8.7096,7.997,6614,1995-11-22,"Crime, Drama"
614930,Teenage Mutant Ninja Turtles: Mutant Mayhem,75000000,180513586,100,11.1609,7.226,1628,2023-07-31,"Animation, Comedy, Action, Science Fiction"
508439,Onward,200000000,141888276,102,7.5132,7.638,6630,2020-02-29,"Adventure, Animation, Comedy, Family, Fantasy"
516632,The Empty Man,16000000,4796993,137,5.1648,6.149,1049,2020-10-22,"Horror, Mystery"
508442,Soul,150000000,121977511,101,15.926,8.091,11536,2020-12-25,"Animation, Family, Drama, Music, Fantasy"
539,Psycho,806947,50000000,109,15.4525,8.412,11088,1960-06-22,"Horror, Thriller, Mystery"
544,There's Something About Mary,23000000,369900000,120,7.3015,6.634,5409,1998-07-15,"Romance, Comedy"
934433,Scream VI,33000000,169063850,123,9.2636,6.9,3260,2023-03-08,"Horror, Thriller, Crime"
41513,The Smurfs,110000000,563749323,103,6.9219,5.755,4033,2011-07-29,"Animation, Family, Adventure, Comedy, Fantasy"
557,Spider-Man,139000000,821708551,121,37.9724,7.336,20891,2002-05-01,"Action, Science Fiction"
680493,Return to Silent Hill,23000000,47976996,106,16.4278,5.376,740,2026-01-21,"Mystery, Drama, Horror"
559,Spider-Man 3,258000000,894983373,139,20.3048,6.5,15376,2007-05-01,"Action, Adventure, Science Fiction"
131631,The Hunger Games: Mockingjay - Part 1,125000000,755356711,123,15.2459,6.818,16825,2014-11-19,"Science Fiction, Adventure, Thriller"
561,Constantine,100000000,230900000,121,13.5875,7.186,8305,2005-02-08,"Fantasy, Action, Horror"
562,Die Hard,28000000,140767956,132,16.2588,7.815,12419,1988-07-15,"Action, Thriller"
558,Spider-Man 2,200000000,788976453,127,11.2799,7.315,16522,2004-06-25,"Action, Adventure, Science Fiction"
131634,The Hunger Games: Mockingjay - Part 2,160000000,653428261,137,10.4716,6.9,13437,2015-11-18,"Action, Adventure, Science Fiction"
746036,The Fall Guy,125000000,181073291,127,9.6402,6.958,3879,2024-04-24,"Action, Comedy, Romance"
565,The Ring,48000000,249348933,115,9.3404,6.708,6749,2002-10-18,"Horror, Mystery"
567,Rear Window,1000000,37042336,113,10.1914,8.337,7233,1954-08-01,"Thriller, Mystery, Drama"
568,Apollo 13,52000000,355237933,140,10.4455,7.464,5989,1995-06-30,"Drama, History"
401981,Red Sparrow,69000000,151572634,140,6.6117,6.534,6396,2018-02-28,"Thriller, Mystery"
762430,Retribution,20000000,18685751,91,6.1013,6.52,1394,2023-08-23,"Thriller, Action, Adventure"
8769,Christine,9700000,21200000,110,7.2474,6.88,2277,1983-12-09,Horror
578,Jaws,7000000,470653000,124,17.2366,7.683,11657,1975-06-20,"Horror, Thriller, Adventure"
579,Jaws 2,20000000,187884000,117,6.8874,6.044,2147,1978-06-16,"Horror, Thriller"
581,Dances with Wolves,22000000,424208848,181,8.6457,7.847,4738,1990-11-09,"Adventure, Drama, Western"
585,"Monsters, Inc.",115000000,579700000,92,29.4515,7.855,19973,2001-11-01,"Animation, Comedy, Family, Fantasy"
762441,A Quiet Place: Day One,67000000,261907653,100,8.8021,6.644,3433,2024-06-26,"Horror, Science Fiction, Thriller"
82507,Sinister,3000000,82515113,110,10.2615,6.875,6099,2012-10-04,"Horror, Thriller, Mystery"
588,Silent Hill,50000000,100605135,125,7.3897,6.643,4973,2006-04-21,"Horror, Mystery"
587,Big Fish,70000000,123200000,125,7.4866,7.753,7832,2003-12-10,"Adventure, Fantasy, Drama"
594,The Terminal,60000000,219417255,128,7.2169,7.356,8795,2004-06-17,"Comedy, Drama"
595,To Kill a Mockingbird,2000000,13129846,129,6.0081,7.99,2894,1962-12-20,Drama
597,Titanic,200000000,2264162353,194,31.713,7.902,27382,1997-12-18,"Drama, Romance"
598,City of God,3300000,30641770,129,14.8312,8.428,8283,2002-08-30,"Drama, Crime"
599,Sunset Boulevard,1752000,5000000,110,9.4271,8.275,2969,1950-08-10,Drama
603,The Matrix,63000000,463517383,136,33.4511,8.3,28226,1999-03-31,"Action, Science Fiction"
602,Independence Day,75000000,817400891,145,11.2798,6.916,10549,1996-07-02,"Action, Adventure, Science Fiction"
605,The Matrix Revolutions,150000000,424988211,129,13.4346,6.755,10934,2003-11-05,"Adventure, Action, Thriller, Science Fiction"
607,Men in Black,90000000,589390539,98,11.2395,7.2,14964,1997-07-02,"Action, Adventure, Comedy, Science Fiction"
608,Men in Black II,140000000,445135288,88,7.5012,6.388,10739,2002-07-03,"Action, Comedy, Science Fiction"
270946,Penguins of Madagascar,132000000,373515621,92,14.4282,6.538,4520,2014-11-22,"Family, Animation, Adventure, Comedy"
16996,17 Again,20000000,136300000,102,6.6807,6.319,5468,2009-03-11,"Comedy, Fantasy"
615,The Passion of the Christ,30000000,610063468,127,15.4082,7.547,5254,2004-02-25,Drama
616,The Last Samurai,140000000,456800000,154,11.0055,7.61,7629,2003-12-05,"Drama, Action, War"
8810,Mad Max 2,2000000,24600832,96,6.8644,7.392,4224,1981-12-24,"Action, Thriller, Science Fiction"
620,Ghostbusters,30000000,296640120,105,10.0012,7.498,9827,1984-06-08,"Comedy, Fantasy"
621,Grease,6000000,396271103,110,9.2294,7.367,7719,1978-06-16,"Romance, Comedy"
627,Trainspotting,4000000,71981823,94,8.4899,7.959,10479,1996-02-23,"Drama, Crime"
629,The Usual Suspects,6000000,23300000,106,13.4649,8.167,11523,1995-07-19,"Drama, Crime, Thriller"
1032823,Trap,30000000,83677281,105,10.622,6.235,2914,2024-07-31,"Crime, Horror, Thriller"
634,Bridget Jones's Diary,25000000,281929795,97,8.9009,6.743,5552,2001-04-13,"Comedy, Romance, Drama"
637,Life Is Beautiful,20000000,230098753,116,17.3786,8.439,14091,1997-12-20,"Comedy, Drama"
638,Lost Highway,15000000,3836866,134,6.7257,7.548,2980,1997-01-15,"Drama, Thriller, Mystery"
639,When Harry Met Sally...,16000000,92823546,96,6.1434,7.405,4646,1989-07-12,"Comedy, Romance, Drama"
640,Catch Me If You Can,52000000,352114312,141,15.0879,7.978,17262,2002-12-16,"Drama, Crime"
8835,Legally Blonde,18000000,141778365,96,9.933,6.82,4616,2001-07-13,Comedy
644,A.I. Artificial Intelligence,100000000,235926552,146,8.8768,7.1,6729,2001-06-29,"Drama, Science Fiction, Adventure"
549509,The Brutalist,9600000,50145227,215,17.5945,6.951,1700,2024-12-20,Drama
646,Dr. No,1000000,59000000,110,11.2988,7.0,4103,1962-10-07,"Adventure, Action, Thriller"
49797,I Saw the Devil,6000000,12966357,144,8.4663,7.806,3073,2010-08-12,"Thriller, Horror"
652,Troy,175000000,497409852,163,50.9326,7.18,11213,2004-05-13,"War, Action, History"
655,"Paris, Texas",1750000,2181987,145,7.1625,8.078,2252,1984-07-16,Drama
74387,Goon,12000000,6985158,92,6.0635,6.428,1043,2012-01-06,"Comedy, Drama"
659,The Tin Drum,3000000,17000000,162,5.9494,6.956,538,1979-05-02,"Drama, History, War"
25237,Come and See,5000000,20929648,142,6.8088,8.21,1878,1985-10-17,"Drama, War"
385687,Fast X,340000000,704709660,142,30.9227,7.0,6399,2023-05-17,"Action, Crime, Thriller"
663,Saw IV,10000000,139352653,93,9.8848,6.167,4158,2007-10-25,"Horror, Thriller, Crime"
665,Ben-Hur,15000000,164000000,212,9.4377,7.887,3185,1959-11-18,"History, Drama, Adventure"
664,Twister,92000000,494471524,113,7.8207,6.565,3898,1996-05-10,"Action, Adventure, Drama"
667,You Only Live Twice,9500000,111600000,117,6.9852,6.59,2518,1967-06-13,"Action, Thriller, Adventure"
41630,No Strings Attached,25000000,149200000,107,7.8743,6.294,5023,2011-01-21,"Comedy, Romance"
671,Harry Potter and the Philosopher's Stone,125000000,976475550,152,39.0247,7.901,29845,2001-11-16,"Adventure, Fantasy"
672,Harry Potter and the Chamber of Secrets,100000000,876688482,161,27.965,7.706,23778,2002-11-13,"Adventure, Fantasy"
673,Harry Potter and the Prisoner of Azkaban,130000000,789804554,141,23.6312,8.01,23351,2004-05-31,"Adventure, Fantasy"
674,Harry Potter and the Goblet of Fire,150000000,895921036,157,25.4327,7.804,22357,2005-11-16,"Adventure, Fantasy"
123553,The Mortal Instruments: City of Bones,60000000,95396573,130,7.1805,6.425,4668,2013-08-21,"Fantasy, Action, Mystery"
676,Pearl Harbor,140000000,449220945,183,10.2018,6.936,7074,2001-05-21,"War, History, Drama"
679,Aliens,18500000,183316455,137,16.8665,7.966,10971,1986-07-18,"Action, Thriller, Science Fiction"
8871,How the Grinch Stole Christmas,123000000,345800000,105,8.5163,6.781,8346,2000-11-17,"Family, Comedy, Fantasy"
686,Contact,90000000,171120329,150,9.7966,7.448,5062,1997-07-11,"Drama, Science Fiction, Mystery"
688,The Bridges of Madison County,24000000,182000000,135,6.9773,7.708,2391,1995-06-02,"Drama, Romance"
694,The Shining,19000000,44781695,144,23.3293,8.202,19089,1980-05-23,"Horror, Thriller"
926393,The Equalizer 3,70000000,191067560,109,11.3905,7.299,3792,2023-08-30,"Action, Thriller, Crime"
49849,Cowboys & Aliens,163000000,174822325,119,8.8069,5.694,5507,2011-07-29,"Action, Science Fiction, Thriller, Western"
698,Moonraker,34000000,210308099,126,5.7877,6.189,2250,1979-06-26,"Action, Adventure, Thriller, Science Fiction"
699,For Your Eyes Only,28000000,195300000,128,5.9824,6.544,2108,1981-06-24,"Adventure, Action, Thriller"
708,The Living Daylights,40000000,191185897,130,6.0915,6.545,2055,1987-06-29,"Action, Adventure, Thriller"
710,GoldenEye,60000000,352194034,130,6.8792,6.906,4389,1995-11-16,"Adventure, Action, Thriller"
713,The Piano,7000000,40200000,120,5.9552,7.37,1664,1993-05-18,"Drama, Romance"
714,Tomorrow Never Dies,110000000,333011068,119,6.343,6.381,3484,1997-12-11,"Adventure, Action, Thriller"
1327819,Hoppers,150000000,389547783,104,69.6751,8.186,2000,2026-03-04,"Adventure, Animation, Comedy, Family, Science Fiction"
8909,Wanted,75000000,342463063,110,7.2762,6.53,7667,2008-06-19,"Action, Thriller, Crime"
8916,Antz,60000000,171757863,83,6.292,6.191,4785,1998-10-02,"Animation, Comedy, Family"
877269,Strange World,180000000,73621640,102,6.3423,6.231,1439,2022-11-23,"Animation, Family, Adventure, Fantasy, Science Fiction"
8920,Garfield,50000000,200800000,80,6.9533,5.73,4276,2004-06-10,"Comedy, Family"
8922,Jeepers Creepers,10000000,59217789,90,6.778,6.485,3340,2001-07-01,Horror
744,Top Gun,15000000,356830601,110,20.4283,7.07,9694,1986-05-16,"Action, Drama, Romance"
745,The Sixth Sense,40000000,672800000,107,12.2938,7.954,13012,1999-08-06,"Mystery, Thriller, Drama"
639720,IF,110000000,190309707,104,9.2312,6.947,1647,2024-05-08,"Comedy, Fantasy, Family"
747,Shaun of the Dead,6000000,39396175,99,7.579,7.545,9451,2004-04-09,"Horror, Comedy"
754,Face/Off,80000000,245700000,139,9.5236,7.059,5978,1997-06-27,"Action, Crime, Science Fiction"
82675,Taken 2,45000000,376100000,91,8.2254,6.368,7170,2012-09-27,"Action, Crime, Thriller"
755,From Dusk Till Dawn,19000000,25800000,108,8.0952,7.045,6559,1996-01-19,"Horror, Action, Crime"
1327862,Regretting You,30000000,90452948,116,17.3698,7.085,485,2025-10-22,"Romance, Drama"
762,Monty Python and the Holy Grail,400000,5763644,91,6.846,7.806,6472,1975-04-03,"Adventure, Comedy, Fantasy"
764,The Evil Dead,350000,29612367,85,18.1015,7.3,4567,1981-10-15,Horror
766,Army of Darkness,11000000,21502976,81,11.4452,7.3,3572,1992-10-31,"Fantasy, Horror, Comedy"
769,GoodFellas,25000000,47072327,145,23.0894,8.452,14521,1990-09-12,"Drama, Crime"
82690,Wreck-It Ralph,165000000,471222889,101,14.4756,7.361,13168,2012-11-01,"Family, Animation, Comedy, Adventure"
8961,Bad Boys II,130000000,273339556,146,5.8614,6.657,6009,2003-07-18,"Action, Crime, Comedy"
772,Home Alone 2: Lost in New York,18000000,358994850,120,15.1723,6.791,10715,1992-11-15,"Comedy, Family, Adventure"
82693,Silver Linings Playbook,21000000,236412453,122,8.8722,7.153,12709,2012-11-16,"Drama, Comedy, Romance"
82695,Les Misérables,61000000,442636309,158,8.9043,7.303,5618,2012-12-18,"History, Drama"
33542,Rumble in the Bronx,7500000,76028558,106,7.9961,6.9,1196,1995-01-21,"Crime, Action, Comedy, Thriller"
82702,How to Train Your Dragon 2,145000000,621537519,102,17.548,7.685,10539,2014-06-05,"Fantasy, Action, Adventure, Animation, Family"
82703,Mr. Peabody & Sherman,145000000,272912430,92,7.9098,6.736,2570,2014-02-07,"Animation, Science Fiction, Comedy, Adventure, Family"
205584,Gods of Egypt,140000000,150680864,127,7.7751,5.699,4392,2016-02-25,"Action, Adventure, Fantasy"
782,Gattaca,36000000,12532777,107,7.4373,7.568,6991,1997-07-09,"Science Fiction, Drama"
786,Almost Famous,60000000,47386287,124,6.0331,7.497,3140,2000-09-15,"Drama, Music"
790,The Fog,1000000,21448830,90,8.2116,6.742,1776,1980-02-01,Horror
793,Blue Velvet,6000000,8636706,120,6.4146,7.605,3865,1986-09-19,"Mystery, Thriller, Crime"
794,The Omen,2800000,60922980,111,7.4263,7.407,2435,1976-06-25,"Horror, Thriller"
893723,PAW Patrol: The Mighty Movie,30000000,202231360,88,8.5869,6.943,570,2023-09-21,"Adventure, Animation, Comedy, Family, Science Fiction"
205596,The Imitation Game,14000000,233555708,113,16.7938,7.983,18203,2014-11-14,"History, Drama, Thriller, War"
49948,Fantasia 2000,80000000,60655420,74,6.5477,6.973,1378,2000-01-01,"Animation, Family, Music"
320288,Dark Phoenix,200000000,252442974,114,12.6442,5.969,7148,2019-06-05,"Science Fiction, Action, Adventure"
8998,Friends with Money,6500000,13400000,88,4.2963,5.145,611,2006-04-07,"Comedy, Drama, Romance"
807,Se7en,33000000,327311859,127,25.5901,8.382,23348,1995-09-22,"Crime, Mystery, Thriller"
808,Shrek,60000000,489676241,90,24.3003,7.773,18990,2001-05-18,"Animation, Comedy, Fantasy, Adventure, Family"
809,Shrek 2,150000000,932542741,92,16.0391,7.326,13571,2004-05-19,"Animation, Comedy, Family, Fantasy, Romance"
810,Shrek the Third,160000000,808310187,93,10.8572,6.313,9871,2007-05-17,"Fantasy, Adventure, Animation, Comedy, Family"
9003,Hellraiser,1000000,14580380,93,5.8913,6.882,2910,1987-09-11,"Horror, Thriller"
9007,Just Like Heaven,58000000,102900000,95,6.4478,6.972,2597,2005-09-16,"Comedy, Romance, Fantasy"
817,Austin Powers: The Spy Who Shagged Me,33000000,312016928,95,5.9631,6.314,3712,1999-06-08,"Comedy, Adventure, Crime"
818,Austin Powers in Goldmember,63000000,296938801,94,6.4719,6.025,3469,2002-07-26,"Comedy, Crime"
819,Sleepers,44000000,165600000,147,7.5558,7.599,3944,1996-10-18,"Crime, Drama, Thriller"
1106739,Juror #2,30000000,21418477,114,6.287,6.892,2521,2024-10-30,"Drama, Thriller"
9016,Treasure Planet,140000000,109578115,96,9.6305,7.575,4669,2002-11-26,"Science Fiction, Adventure, Animation, Family, Fantasy"
353081,Mission: Impossible - Fallout,178000000,824171374,147,9.6827,7.5,9218,2018-07-25,"Action, Adventure"
834,Underworld: Evolution,50000000,111476513,106,5.8159,6.606,4420,2006-01-12,"Fantasy, Action, Thriller"
840,Close Encounters of the Third Kind,20000000,306889114,137,7.6856,7.359,4747,1977-12-14,"Science Fiction, Drama"
841,Dune,40000000,31502434,136,9.1209,6.188,3461,1984-12-14,"Action, Science Fiction, Adventure"
843,In the Mood for Love,3000000,15867968,99,10.9232,8.087,3304,2000-09-29,"Drama, Romance"
9037,Grease 2,13200000,15172313,115,6.0965,5.252,736,1982-06-11,"Comedy, Music, Romance"
1082195,The Order,20000000,1970445,116,6.9287,6.56,913,2024-12-05,"Crime, Drama, Thriller"
853,Enemy at the Gates,68000000,96976270,131,8.1923,7.4,4097,2001-02-28,"War, History"
854,The Mask,23000000,351583407,101,11.8254,6.995,11387,1994-07-29,"Comedy, Fantasy, Crime, Romance"
855,Black Hawk Down,92000000,172989651,145,16.0159,7.4,6441,2001-12-28,"Action, War, History"
856,Who Framed Roger Rabbit,70000000,329800000,104,10.8917,7.539,6233,1988-06-22,"Fantasy, Animation, Comedy, Crime"
857,Saving Private Ryan,70000000,481840909,169,22.6259,8.23,17454,1998-07-24,"War, Drama, History"
858,Sleepless in Seattle,21000000,227799884,105,6.8421,6.745,2618,1993-06-24,"Comedy, Drama, Romance"
862,Toy Story,30000000,962301978,81,35.9587,8.0,20193,1995-11-22,"Family, Comedy, Animation, Adventure"
863,Toy Story 2,90000000,497375404,92,26.0735,7.617,15108,1999-10-30,"Animation, Comedy, Family"
50014,The Help,25000000,216600000,146,11.2083,8.205,9132,2011-08-09,Drama
861,Total Recall,65000000,261317921,113,9.5126,7.324,6541,1990-06-01,"Action, Adventure, Science Fiction"
865,The Running Man,27000000,38122105,101,6.9153,6.538,2888,1987-11-13,"Action, Thriller, Science Fiction"
869,Planet of the Apes,100000000,362211740,120,7.715,5.775,4466,2001-07-26,"Thriller, Science Fiction, Action, Adventure"
871,Planet of the Apes,5800000,32589624,112,8.9439,7.656,4011,1968-02-07,"Science Fiction, Adventure, Drama, Action"
9072,Little Man,64000000,104003322,98,9.482,5.952,1933,2006-08-31,"Comedy, Crime"
9078,The Sword in the Stone,3000000,22200000,79,8.5092,7.226,4135,1963-12-25,"Animation, Family, Fantasy"
888,The Flintstones,46000000,341631208,91,6.269,5.377,2644,1994-05-27,"Fantasy, Comedy, Family"
246655,X-Men: Apocalypse,178000000,543934787,144,17.6708,6.527,13884,2016-05-18,"Science Fiction, Fantasy, Action"
901,City Lights,1500000,4250000,87,7.7889,8.247,2487,1931-02-06,"Comedy, Drama, Romance"
484247,A Simple Favor,20000000,97644617,117,6.2903,6.643,4632,2018-09-13,"Thriller, Comedy, Mystery"
920,Cars,120000000,461983149,117,17.5547,7.04,15260,2006-06-08,"Animation, Adventure, Comedy, Family"
924,Dawn of the Dead,26000000,102278712,101,8.2363,7.076,4584,2004-03-19,"Horror, Science Fiction"
312221,Creed,37000000,173600000,133,8.2556,7.408,8022,2015-11-25,Drama
926,Galaxy Quest,45000000,90683916,102,8.7225,7.089,2561,1999-12-25,"Comedy, Science Fiction, Adventure"
927,Gremlins,11000000,153083102,106,7.7587,7.142,7042,1984-06-08,"Fantasy, Horror, Comedy"
929,Godzilla,130000000,379014294,139,6.7281,5.65,4273,1998-05-20,"Science Fiction, Action, Thriller"
935,Dr. Strangelove or: How I Learned to Stop Worrying and Love the Bomb,1800000,9500000,95,6.2231,8.1,6216,1964-01-29,"Comedy, War"
941,Lethal Weapon,15000000,120207127,110,10.9958,7.302,5099,1987-03-06,"Action, Thriller, Crime"
942,Lethal Weapon 2,25000000,227853986,114,8.1534,7.045,3790,1989-07-07,"Action, Thriller, Crime"
947,Lawrence of Arabia,15000000,70000000,228,7.9508,8.0,3482,1962-12-11,"Adventure, History, War"
948,Halloween,325000,70260597,91,11.2414,7.56,6247,1978-10-24,"Horror, Thriller"
949,Heat,60000000,187400000,170,14.2206,7.941,8478,1995-12-15,"Crime, Drama, Action"
950,Ice Age: The Meltdown,80000000,660998756,91,11.8379,6.725,10423,2006-03-29,"Animation, Family, Comedy, Adventure"
500664,Upgrade,3000000,16976561,100,7.7419,7.507,5088,2018-05-31,"Action, Thriller, Science Fiction"
953,Madagascar,75000000,542064525,86,16.3041,6.927,11830,2005-05-25,"Adventure, Animation, Comedy, Family"
954,Mission: Impossible,80000000,457696391,111,11.2836,7.0,10076,1996-05-22,"Adventure, Action, Thriller"
955,Mission: Impossible II,125000000,546388108,123,8.5591,6.143,7657,2000-05-24,"Adventure, Action, Thriller"
639933,The Northman,70000000,69633110,137,12.0544,7.026,5133,2022-04-07,"Action, Adventure, Fantasy"
957,Spaceballs,22700000,38120460,96,8.9977,6.884,3461,1987-06-24,"Comedy, Science Fiction"
956,Mission: Impossible III,150000000,398479497,126,8.042,6.767,7697,2006-04-25,"Adventure, Action, Thriller"
467905,How to Make a Killing,15000000,21598574,105,17.9156,6.927,581,2026-02-16,"Comedy, Thriller"
966,The Magnificent Seven,2000000,19500000,128,8.5758,7.504,2017,1960-10-12,Western
967,Spartacus,12000000,60000000,197,5.9673,7.539,2408,1960-10-13,"History, Drama, Adventure"
263115,Logan,97000000,619021436,137,23.3518,7.8,20552,2017-02-28,"Action, Drama, Science Fiction"
336843,Maze Runner: The Death Cure,62000000,288418190,143,10.8672,7.081,8478,2018-01-10,"Science Fiction, Action, Adventure, Thriller"
205775,In the Heart of the Sea,100000000,93900000,122,7.0094,6.774,4416,2015-12-03,"Thriller, Drama, Adventure, Action, History"
975,Paths of Glory,935000,1200000,88,6.98,8.253,3310,1957-10-25,"War, Drama"
979,Irreversible,3500000,6500000,93,17.6848,7.18,3355,2002-05-22,"Drama, Thriller, Crime"
803796,KPop Demon Hunters,100000000,24619953,96,42.3774,8.02,3017,2025-06-20,"Fantasy, Music, Comedy, Animation"
985,Eraserhead,100000,7000000,89,6.3762,7.334,2770,1977-09-28,"Horror, Science Fiction"
467938,Revenge,2900000,938055,108,7.5996,6.522,2119,2017-11-18,"Action, Horror, Thriller, Drama"
1287141,Pillion,1000000,6644994,107,6.3768,6.411,275,2025-11-28,"Romance, Drama, Comedy"
713704,Evil Dead Rise,15000000,147256372,96,42.5112,6.948,3815,2023-04-12,"Horror, Thriller"
639988,No Other Choice,12200000,40223568,139,15.2367,7.512,1163,2025-09-24,"Comedy, Crime, Thriller"
574475,Final Destination Bloodlines,50000000,317854739,110,23.1926,7.04,2961,2025-05-14,"Horror, Mystery"
508947,Turning Red,175000000,21813358,100,17.5294,7.333,5944,2022-03-10,"Animation, Family, Comedy, Fantasy"
533533,TRON: Ares,220000000,142249983,119,15.6563,6.475,1510,2025-10-08,"Science Fiction, Adventure, Action"
533535,Deadpool & Wolverine,200000000,1338073645,128,47.5224,7.581,8975,2024-07-24,"Action, Comedy, Science Fiction"
615457,Nobody,16000000,57512470,91,11.8834,7.874,8480,2021-03-18,"Action, Thriller"
631843,Old,18000000,90146510,108,8.8938,6.322,4940,2021-07-21,"Thriller, Mystery, Horror"
238636,The Purge: Anarchy,9000000,111928365,103,8.2743,6.62,6755,2014-07-17,"Horror, Thriller"
9273,Ace Ventura: When Nature Calls,30000000,212385533,90,6.1886,6.344,4616,1995-11-10,"Crime, Comedy, Adventure"
1089,Point Break,24000000,83531958,122,8.0799,7.154,4038,1991-07-12,"Action, Thriller, Crime"
1091,The Thing,15000000,19629760,109,14.9048,8.07,8054,1982-06-25,"Horror, Mystery, Science Fiction"
1197137,Black Phone 2,30000000,132675749,114,12.0792,6.677,1236,2025-10-15,"Horror, Thriller"
9312,Mortal Kombat,18000000,122195920,101,5.9935,5.918,2602,1995-08-18,"Action, Fantasy"
1124,The Prestige,40000000,109676311,130,20.9846,8.21,17768,2006-10-19,"Drama, Mystery, Science Fiction"
9316,Ong-Bak,1100000,20112926,105,7.9574,7.158,1916,2003-01-31,"Action, Crime, Thriller"
9323,Ghost in the Shell,3000000,10000000,83,13.1051,7.927,3946,1995-11-18,"Action, Animation, Science Fiction"
9325,The Jungle Book,4000000,378000000,78,8.4094,7.286,6713,1967-10-18,"Family, Animation, Adventure"
9334,The Scorpion King,60000000,165333180,92,9.2395,5.59,3407,2002-04-18,"Action, Adventure, Fantasy"
9335,Transporter 2,32000000,89100000,88,6.8829,6.331,3999,2005-08-03,"Action, Thriller, Crime"
9336,Police Academy,4500000,81198894,97,7.8313,6.716,3028,1984-03-22,"Comedy, Crime"
238713,Spy,65000000,235666219,120,6.5186,6.83,6447,2015-05-06,"Action, Comedy, Crime"
9339,Click,82500000,240685326,107,6.8601,6.31,7629,2006-06-23,"Comedy, Drama, Fantasy"
9340,The Goonies,19000000,69649283,114,8.8431,7.515,6288,1985-06-07,"Adventure, Comedy, Family"
9342,The Mask of Zorro,95000000,250288523,138,7.1482,6.585,4380,1998-07-16,"Action, Adventure"
9350,Cliffhanger,70000000,255000211,113,5.6566,6.516,2671,1993-05-28,"Action, Adventure, Thriller"
132232,Mama,15000000,146428180,100,7.0167,6.296,4458,2013-01-17,Horror
9352,EuroTrip,25000000,22605153,92,6.3707,6.622,3012,2004-02-20,Comedy
9354,"Honey, I Shrunk the Kids",18000000,222724172,93,5.8858,6.331,3371,1989-06-23,"Adventure, Comedy, Family, Science Fiction"
9355,Mad Max Beyond Thunderdome,10000000,36230219,107,6.6734,6.2,3300,1985-06-29,"Action, Adventure, Science Fiction"
1164,Babel,25000000,135330835,143,6.7208,7.172,4106,2006-10-26,Drama
9358,Final Destination 2,26000000,90941129,90,9.0108,6.312,4906,2003-01-31,"Horror, Mystery"
9360,Anaconda,45000000,136885767,90,6.9626,5.282,2849,1997-04-11,"Adventure, Horror, Thriller"
640146,Ant-Man and the Wasp: Quantumania,326600000,476071180,125,12.7885,6.2,5924,2023-02-15,"Action, Adventure, Science Fiction"
9362,Tremors,11000000,48572000,96,6.1946,6.9,3612,1990-01-19,"Comedy, Horror, Science Fiction"
9373,The Texas Chainsaw Massacre,9500000,107385515,98,6.8085,6.305,2962,2003-05-21,Horror
9374,Death Becomes Her,55000000,149000000,104,6.3188,6.78,3001,1992-07-30,"Comedy, Fantasy, Horror"
9377,Ferris Bueller's Day Off,6000000,70100000,103,6.114,7.566,5437,1986-06-11,Comedy
296098,Bridge of Spies,40000000,165478348,141,9.1212,7.241,7318,2015-10-15,"Thriller, Drama"
296099,Vacation,31000000,104400000,99,7.8003,6.305,4024,2015-07-28,"Comedy, Adventure"
197796,Beauty and the Beast,33000000,47430624,112,7.3215,6.282,2210,2014-02-12,"Fantasy, Romance"
9383,Hollow Man,95000000,190213455,112,6.8809,5.963,2842,2000-08-04,"Action, Science Fiction, Thriller"
967847,Ghostbusters: Frozen Empire,100000000,201967521,115,6.2634,6.455,2215,2024-03-20,"Fantasy, Adventure, Comedy"
1352874,The Crucifix: Blood of the Exorcist,100000,82873,92,14.3534,5.484,62,2025-01-09,Horror
17578,The Adventures of Tintin,130000000,373993951,107,9.6941,6.927,5881,2011-10-24,"Adventure, Animation, Mystery"
9387,Conan the Barbarian,20000000,68851475,130,9.2574,6.806,2842,1982-03-16,"Adventure, Fantasy, Action"
9392,The Descent,3500000,57130027,100,9.4139,6.987,4472,2005-07-08,"Adventure, Horror"
50359,Hop,63000000,183953723,95,9.4312,5.793,1403,2011-03-30,"Animation, Comedy, Family"
1213,The Talented Mr. Ripley,40000000,128798265,140,7.2726,7.197,4189,1999-12-25,"Thriller, Crime, Drama"
951491,Saw X,13000000,125319714,118,9.5454,7.159,2413,2023-09-27,"Horror, Mystery"
287947,Shazam!,80000000,367799011,132,8.002,6.975,10288,2019-03-29,"Action, Comedy, Fantasy"
353486,Jumanji: Welcome to the Jungle,90000000,995339117,119,10.7704,6.821,14614,2017-12-09,"Adventure, Comedy, Fantasy, Action"
58574,Sherlock Holmes: A Game of Shadows,125000000,334615000,129,7.2742,7.146,11018,2011-11-22,"Action, Adventure, Mystery"
9426,The Fly,15000000,60629159,96,8.7788,7.4,5023,1986-08-15,"Horror, Science Fiction"
353491,The Dark Tower,60000000,113231078,95,13.8803,5.801,5580,2017-08-03,"Fantasy, Action, Science Fiction"
1246,Rocky Balboa,24000000,155929020,102,6.2924,6.883,3845,2006-12-20,Drama
1250,Ghost Rider,110000000,228738393,114,11.4084,5.614,6540,2007-01-15,"Thriller, Action, Fantasy"
9444,Anastasia,53000000,139804348,94,6.652,7.606,5649,1997-11-20,"Animation, Family, Fantasy, Adventure"
615656,Meg 2: The Trench,129000000,398500317,116,19.6741,6.375,4032,2023-08-02,"Action, Science Fiction, Horror"
787699,Wonka,125000000,634502312,117,8.2694,7.038,4450,2023-12-06,"Comedy, Family, Fantasy"
1268,Mr. Bean's Holiday,25000000,232225908,90,8.3792,6.397,3159,2007-03-22,"Family, Comedy"
1271,300,65000000,456082343,117,12.3165,7.2,14865,2007-03-07,"Action, Adventure, War"
1267,Meet the Robinsons,150000000,169332978,95,7.2876,6.948,3179,2007-03-23,"Animation, Comedy, Family, Science Fiction, Adventure"
9461,Enter the Dragon,850000,21531361,102,6.3925,7.4,2118,1973-08-17,Action
1197306,A Working Man,40000000,89400711,116,16.9692,6.684,2002,2025-03-26,"Action, Crime, Thriller"
1273,TMNT,34000000,95608995,87,6.1028,6.195,1245,2007-03-23,"Adventure, Animation, Comedy, Family"
9462,The Way of the Dragon,130000,27000000,100,6.0844,7.392,1311,1972-12-30,"Action, Crime"
566525,Shang-Chi and the Legend of the Ten Rings,150000000,432243292,132,17.9025,7.493,10508,2021-09-01,"Action, Adventure, Fantasy"
9470,Kung Fu Hustle,20000000,102034104,99,11.7923,7.509,3250,2004-02-10,"Action, Comedy, Crime, Fantasy"
804095,The Fabelmans,40000000,45629909,151,8.0297,7.565,2809,2022-11-11,Drama
9471,Charlie's Angels: Full Throttle,120000000,259175788,106,6.1007,5.5,3320,2003-06-25,"Action, Adventure, Comedy"
9475,Scent of a Woman,31000000,134100000,156,6.8405,7.8,3995,1992-12-23,Drama
9476,A Knight's Tale,65000000,117487473,133,7.3482,6.883,3423,2001-05-11,"Adventure, Drama, Romance, Action"
967941,Wicked: For Good,150000000,539042601,137,17.8358,6.625,1070,2025-11-19,"Fantasy, Adventure, Romance"
9479,The Nightmare Before Christmas,18000000,75634409,76,11.0675,7.834,10421,1993-10-09,"Fantasy, Animation, Family"
9480,Daredevil,78000000,179179718,103,10.0287,5.302,5512,2003-02-14,"Fantasy, Action"
9482,Judge Dredd,90000000,113493481,96,6.3772,5.86,2771,1995-06-30,"Science Fiction, Action"
9487,A Bug's Life,80000000,363258859,95,12.4807,6.981,9799,1998-11-25,"Adventure, Animation, Comedy, Family"
9489,You've Got Mail,65000000,250800000,119,5.7323,6.71,3684,1998-12-18,"Comedy, Romance"
337170,American Made,50000000,133511855,115,7.1163,6.9,5038,2017-08-18,"Comedy, Crime, Drama"
9502,Kung Fu Panda,130000000,632091832,90,16.6463,7.331,12786,2008-06-04,"Action, Animation, Comedy, Family"
820525,After Everything,14000000,10644463,93,6.8882,6.878,1005,2023-09-13,"Romance, Drama"
263472,Knock Knock,10000000,6341684,99,8.682,5.388,3527,2015-06-26,"Horror, Thriller, Crime"
9522,Wedding Crashers,40000000,288500000,119,6.185,6.503,4754,2005-07-13,"Comedy, Romance"
140607,Star Wars: The Force Awakens,245000000,2068223624,136,16.2403,7.248,20673,2015-12-15,"Adventure, Action, Science Fiction"
9539,Martyrs,6500000,1100000,99,7.0523,7.299,3062,2008-06-12,"Horror, Drama, Thriller"
451915,Beautiful Boy,25000000,31749905,121,6.3024,7.6,2898,2018-10-12,Drama
1359,American Psycho,7000000,34269748,102,13.1713,7.401,12437,2000-04-13,"Thriller, Drama, Crime"
763215,Damsel,60000000,5000,107,9.2876,6.98,2847,2024-03-07,"Fantasy, Action, Adventure"
1366,Rocky,1000000,117253345,120,14.552,7.801,8721,1976-12-03,Drama
1367,Rocky II,7000000,200182160,119,6.3634,7.299,4867,1979-06-15,Drama
1368,First Blood,15000000,125212904,93,11.7675,7.511,6957,1982-10-22,"Action, Thriller, Drama"
1369,Rambo: First Blood Part II,44000000,300400432,96,7.7599,6.664,4374,1985-05-21,"Action, Adventure, Thriller, War"
1372,Blood Diamond,100000000,171720398,143,8.1125,7.562,8405,2006-12-08,"Drama, Thriller, Action"
1374,Rocky IV,31000000,300473716,91,6.7765,7.097,4877,1985-11-21,Drama
9567,Tears of the Sun,75000000,86500000,121,6.3322,6.893,2653,2003-03-07,"War, Action, Drama"
50544,Friends with Benefits,35000000,149500000,109,7.208,6.643,8450,2011-07-21,"Romance, Comedy"
50546,Just Go with It,80000000,214945591,117,11.2339,6.706,6170,2011-02-10,"Comedy, Romance"
968051,The Nun II,38500000,269670590,110,7.2922,6.636,2513,2023-09-06,Horror
9595,Hot Shots!,26000000,181096164,85,6.0306,6.59,2478,1991-07-31,"Action, Comedy, War"
378236,The Emoji Movie,50000000,216909830,86,12.182,5.376,3350,2017-07-23,"Animation, Family, Comedy"
9602,Coming to America,30000000,288752301,117,7.3741,6.884,4792,1988-06-29,"Comedy, Romance"
9603,Clueless,12000000,56631572,97,7.2137,7.25,4844,1995-07-19,"Comedy, Romance"
1417,Pan's Labyrinth,19000000,83258226,118,14.2492,7.766,11565,2006-10-11,"Fantasy, Drama, War"
1422,The Departed,90000000,291465000,151,19.7141,8.161,16364,2006-10-04,"Drama, Thriller, Crime"
9614,Happy Gilmore,12000000,41422354,92,6.5883,6.68,3385,1996-02-16,Comedy
1427,Perfume: The Story of a Murderer,63700000,135039924,147,9.9777,7.371,5072,2006-09-13,"Crime, Fantasy, Drama"
9637,Scooby-Doo,84000000,275650703,87,8.2182,6.1,4821,2002-06-14,"Mystery, Adventure, Comedy"
1452,Superman Returns,223000000,391081192,154,7.5618,5.822,4625,2006-06-28,"Science Fiction, Action, Adventure"
501170,Doctor Sleep,45000000,72385286,152,7.6401,7.146,4944,2019-10-30,"Horror, Fantasy"
9651,Supergirl,35000000,14296438,124,6.0996,5.397,712,1984-07-01,"Adventure, Fantasy, Action, Science Fiction"
116149,Paddington,55000000,333960862,95,7.9812,7.123,4283,2014-11-24,"Comedy, Adventure, Family"
9654,The Italian Job,60000000,176070171,110,6.1888,6.796,6083,2003-05-30,"Action, Crime"
9655,She's the Man,20000000,57194667,105,9.5112,6.811,3325,2006-03-17,"Comedy, Romance"
337339,The Fate of the Furious,250000000,1236000000,136,8.2753,6.854,10879,2017-04-12,"Action, Crime, Thriller"
50620,The Twilight Saga: Breaking Dawn - Part 2,120000000,829747654,115,12.0915,6.454,9426,2012-11-13,"Fantasy, Drama, Romance"
9659,Mad Max,350000,100000000,91,8.1116,6.7,5017,1979-04-12,"Action, Thriller, Science Fiction"
83389,From Up on Poppy Hill,22000000,61037844,91,5.912,7.527,1965,2011-07-16,"Animation, Drama"
91586,Insidious: Chapter 2,5000000,161921515,106,8.0944,6.684,4623,2013-09-12,"Horror, Thriller"
1487,Hellboy,66000000,99318987,122,6.8727,6.676,7501,2004-04-02,"Fantasy, Action"
411088,The Invisible Guest,4000000,30000000,107,12.2968,8.079,5050,2017-01-06,"Drama, Mystery, Thriller"
9679,Gone in Sixty Seconds,90000000,237200000,118,6.8767,6.47,4931,2000-06-09,"Action, Crime, Thriller"
402900,Ocean's Eight,70000000,297718711,111,9.54,6.952,8859,2018-06-07,"Crime, Comedy, Action"
50646,"Crazy, Stupid, Love.",50000000,145079584,118,10.7047,7.275,9368,2011-07-29,"Comedy, Drama, Romance"
1495,Kingdom of Heaven,130000000,218366336,144,16.972,7.1,5071,2005-05-03,"Drama, Action, Adventure, History, War"
9702,Bound by Honor,35000000,4500000,190,9.311,8.192,1580,1993-02-05,"Crime, Drama, Thriller"
573435,Bad Boys: Ride or Die,100000000,404547819,116,15.6458,7.32,3393,2024-06-05,"Action, Comedy, Crime"
9714,Home Alone 3,32000000,79082515,102,6.953,5.286,3317,1997-12-12,"Comedy, Family"
337404,Cruella,200000000,233503234,134,15.9057,7.972,10158,2021-05-26,"Comedy, Crime, Drama"
370172,No Time to Die,250000000,774153024,163,13.7397,7.337,7217,2021-09-29,"Action, Thriller, Adventure"
476669,The King's Man,100000000,125897478,131,10.7856,6.712,5108,2021-12-22,"Action, Adventure, Thriller"
1538,Collateral,65000000,220239925,120,7.6773,7.245,6343,2004-08-04,"Drama, Crime, Thriller"
1541,Thelma & Louise,16000000,45361000,130,6.3529,7.603,3918,1991-05-24,"Drama, Crime, Adventure"
17927,Fired Up!,20000000,18599102,91,5.9194,6.129,699,2009-02-20,Comedy
9737,Bad Boys,19000000,141407024,119,9.2553,6.833,7025,1995-04-07,"Action, Comedy, Crime, Thriller"
9738,Fantastic Four,100000000,333535934,106,9.9605,5.807,10067,2005-06-29,"Action, Fantasy, Science Fiction"
9741,Unbreakable,75000000,248118121,106,8.0525,7.144,10000,2000-11-22,"Thriller, Drama, Mystery"
99861,Avengers: Age of Ultron,235000000,1405403694,141,28.907,7.275,24630,2015-04-22,"Action, Adventure, Science Fiction"
796185,The Three Musketeers: D'Artagnan,27500000,31843086,121,10.9514,6.919,1424,2023-04-05,"Adventure, Action, Drama, History"
9757,Norbit,10000000,159814490,102,9.2359,5.727,2656,2007-02-08,Comedy
1571,Live Free or Die Hard,110000000,383531464,128,8.0829,6.644,6410,2007-06-20,"Action, Thriller"
9763,Goal!,10000000,27610873,118,6.9678,6.787,1225,2005-09-29,Drama
1573,Die Hard 2,70000000,240031094,124,10.7289,6.973,6469,1990-07-03,"Action, Thriller"
812583,Wake Up Dead Man: A Knives Out Mystery,210000000,4000000,145,15.381,7.214,2658,2025-11-26,"Thriller, Mystery, Comedy"
198184,Chappie,49000000,104399548,120,11.1892,6.79,8544,2015-03-04,"Crime, Action, Science Fiction"
9769,Lolita,62000000,1100000,137,17.3415,7.109,1991,1997-09-27,Drama
1578,Raging Bull,18000000,23380203,129,5.4182,7.9,4811,1980-11-14,"Drama, History"
1579,Apocalypto,40000000,120654337,138,14.7502,7.653,6503,2006-12-07,"Action, Drama, History"
1581,The Holiday,85000000,205233866,136,7.447,7.102,5677,2006-12-05,"Comedy, Romance"
181808,Star Wars: The Last Jedi,300000000,1334407706,152,25.4688,6.7,16458,2017-12-13,"Adventure, Action, Science Fiction"
1584,The School of Rock,35000000,131098967,110,9.6484,7.087,6248,2003-10-03,"Comedy, Family, Music"
1592,Primal Fear,30000000,102616183,130,8.1469,7.7,4019,1996-04-03,"Crime, Drama, Thriller"
1593,Night at the Museum,110000000,574480841,108,9.0236,6.6,11045,2006-12-20,"Fantasy, Family, Comedy"
1598,Cape Fear,35000000,182300000,128,7.0889,7.265,3937,1991-11-13,"Drama, Crime, Thriller"
9792,The Hills Have Eyes,15000000,69623713,107,8.8468,6.479,3396,2006-03-10,"Horror, Thriller"
9798,Enemy of the State,90000000,250649836,132,8.7738,7.074,4319,1998-11-20,"Action, Drama, Thriller"
1607,A Bronx Tale,22000000,17287898,121,7.1055,7.892,2920,1993-10-01,"Drama, Crime"
9801,Bridget Jones: The Edge of Reason,40000000,265126918,108,7.1076,6.227,3051,2004-11-10,"Comedy, Romance"
9802,The Rock,75000000,335062621,137,9.8683,7.152,5253,1996-06-07,"Action, Adventure, Thriller"
9804,Waterworld,175000000,264218220,135,7.4679,6.241,4134,1995-07-28,"Adventure, Action, Science Fiction"
83533,Avatar: Fire and Ash,350000000,1490477656,198,120.1107,7.641,3895,2025-12-17,"Science Fiction, Adventure, Fantasy"
9806,The Incredibles,92000000,631442092,115,17.3134,7.728,19047,2004-10-27,"Action, Adventure, Animation, Family"
1620,Hitman,24000000,101276318,89,5.2463,6.166,3698,2007-11-21,"Action, Thriller, Drama"
1621,Trading Places,15000000,90404800,116,10.9581,7.234,3697,1983-06-07,Comedy
1630,The People vs. Larry Flynt,36000000,20300385,130,6.2891,6.96,1272,1996-12-25,Drama
1635,The Island,126000000,162949164,136,8.2512,6.698,5934,2005-07-21,"Action, Thriller, Science Fiction"
616037,Thor: Love and Thunder,250000000,760928081,119,17.6675,6.368,8678,2022-07-06,"Fantasy, Action, Comedy"
419430,Get Out,4500000,255407969,104,15.0426,7.624,19057,2017-02-24,"Mystery, Thriller, Horror"
1637,Speed,30000000,350448145,116,8.0709,7.157,6914,1994-06-09,"Action, Thriller"
1640,Crash,6500000,98400000,112,6.7481,7.218,3918,2005-05-06,Drama
9833,The Phantom of the Opera,70000000,154674241,141,7.441,7.27,1793,2004-12-08,"Thriller, Drama, Romance"
9837,The Prince of Egypt,70000000,218613188,99,9.7143,7.316,4353,1998-12-16,"Adventure, Animation, Drama, Family"
1645,A Time to Kill,40000000,152266007,149,6.9426,7.392,3014,1996-07-24,"Crime, Drama, Thriller"
1654,The Dirty Dozen,5400000,45300000,149,8.0694,7.593,1339,1967-06-15,"Action, Adventure, War"
1656,The Legend of Zorro,75000000,142400065,130,6.0274,6.126,3124,2005-10-24,"Action, Adventure, Western"
181886,Enemy,3500000,3396726,91,6.3455,6.843,6496,2014-03-14,"Thriller, Mystery"
1669,The Hunt for Red October,30000000,200512643,135,9.4204,7.4,3661,1990-03-02,"Action, Thriller"
870028,The Accountant²,80000000,103223366,133,13.2581,7.082,1837,2025-04-23,"Mystery, Crime, Thriller"
1678,Godzilla,60000,2250000,96,7.1595,7.6,1122,1954-11-03,"Thriller, Horror, Science Fiction"
206487,Predestination,5500000,4942449,98,8.4146,7.415,7166,2014-08-28,"Science Fiction, Thriller"
157336,Interstellar,165000000,746606706,169,74.561,8.483,40395,2014-11-05,"Adventure, Drama, Science Fiction"
9880,The Princess Diaries,37000000,165335153,115,9.091,6.96,5302,2001-08-03,"Comedy, Family, Romance"
280217,The Lego Movie 2: The Second Part,99000000,199603202,107,6.3529,6.656,2457,2019-02-06,"Action, Adventure, Animation, Comedy, Family"
9889,Shallow Hal,40000000,141069860,114,5.5065,6.2,3198,2001-11-01,"Comedy, Drama, Fantasy, Romance"
1328803,Prisoner of War,2000000,94700000,113,8.1916,7.143,196,2025-09-19,"Action, War, Thriller, History"
1700,Misery,20000000,61300000,107,7.6662,7.754,5301,1990-11-30,"Drama, Thriller"
1701,Con Air,75000000,224012234,116,10.5936,6.786,4765,1997-06-05,"Action, Thriller, Crime"
157350,Divergent,85000000,288885818,140,9.71,6.904,13570,2014-03-14,"Action, Adventure, Science Fiction"
460458,Resident Evil: Welcome to Raccoon City,25000000,41914915,107,9.429,5.928,2733,2021-11-24,"Action, Horror, Science Fiction"
648878,Eddington,25000000,13738227,148,7.1897,6.452,858,2025-07-16,"Western, Comedy, Crime"
460465,Mortal Kombat,20000000,84426031,110,16.1463,7.053,6888,2021-04-07,"Action, Fantasy, Adventure"
1582770,Dhurandhar: The Revenge,14330000,152900759,229,9.7248,7.345,129,2026-03-18,"Action, Crime, Thriller"
9907,Barnyard,51000000,116755080,90,5.9707,5.946,1201,2006-08-04,"Animation, Comedy, Family"
1724,The Incredible Hulk,150000000,264770996,114,18.9242,6.249,12830,2008-06-12,"Science Fiction, Action, Adventure"
1726,Iron Man,140000000,585174222,126,24.0232,7.663,28357,2008-04-30,"Action, Science Fiction, Adventure"
9919,How to Lose a Guy in 10 Days,50000000,177500000,116,8.9224,6.87,4521,2003-02-07,"Comedy, Romance"
1729,The Forbidden Kingdom,55000000,127906624,104,6.9954,6.639,1940,2008-04-17,"Action, Adventure, Fantasy"
1734,The Mummy Returns,98000000,443280904,130,14.0615,6.41,7770,2001-05-04,"Adventure, Action, Fantasy"
1735,The Mummy: Tomb of the Dragon Emperor,145000000,403449830,112,10.3746,5.52,4858,2008-07-01,"Adventure, Action, Fantasy"
9928,Robots,75000000,262511490,90,8.4982,6.488,4964,2005-03-10,"Animation, Comedy, Family, Science Fiction"
100042,Dumb and Dumber To,40000000,169837010,110,7.1419,5.57,3451,2014-11-12,Comedy
222935,The Fault in Our Stars,14000000,307166834,126,11.6225,7.592,11616,2014-06-02,"Romance, Drama"
214756,Ted 2,68000000,215863606,115,15.5372,6.325,8059,2015-06-25,"Comedy, Fantasy"
321258,The Boy,10000000,73929392,98,6.6687,5.975,3980,2016-01-22,"Horror, Mystery, Thriller"
1771,Captain America: The First Avenger,140000000,370569774,124,12.7716,7.009,22886,2011-07-22,"Action, Adventure, Science Fiction"
34544,The A-Team,110000000,177238796,117,6.745,6.42,5043,2010-06-09,"Action, Comedy, Crime"
1304313,Lee Cronin's The Mummy,22000000,90552113,133,105.4796,7.96,2317,2026-04-15,"Horror, Mystery"
141052,Justice League,300000000,661326987,120,12.9104,6.07,13763,2017-11-15,"Action, Adventure, Science Fiction"
9982,Chicken Little,150000000,314400000,81,8.837,5.916,4198,2005-11-04,"Animation, Family, Comedy"
1791,The Piano Teacher,6200000,6766708,131,7.6495,7.259,1294,2001-09-05,"Drama, Romance"
1813,The Devil's Advocate,57000000,153000000,144,10.7424,7.479,6883,1997-10-17,"Horror, Drama, Mystery"
26389,From Paris with Love,52000000,52800000,92,7.5588,6.422,2372,2010-02-04,"Action, Crime, Thriller"
34584,The NeverEnding Story,27000000,20158808,101,6.8661,7.223,4425,1984-04-06,"Adventure, Fantasy, Family"
10009,Brother Bear,128000000,250397798,85,8.132,7.282,5807,2003-10-23,"Adventure, Animation, Family"
10014,A Nightmare on Elm Street Part 2: Freddy's Revenge,3000000,30000121,87,6.2871,5.779,2136,1985-11-01,Horror
10015,Heartbreak Ridge,15000000,42700000,130,7.3149,6.899,1137,1986-12-05,"War, Drama"
575264,Mission: Impossible - Dead Reckoning Part One,220000000,571125435,164,14.1331,7.504,5213,2023-07-08,"Action, Adventure, Thriller"
575265,Mission: Impossible - The Final Reckoning,400000000,598767057,170,30.6872,7.172,2966,2025-05-17,"Action, Thriller, Adventure"
10020,Beauty and the Beast,25000000,424967620,84,15.0551,7.727,10762,1991-10-22,"Romance, Family, Animation, Fantasy"
10024,My Sister's Keeper,30000000,95714875,109,6.8547,7.37,2266,2009-06-26,Drama
1835,"Farewell, My Lovely",2500000,2000000,95,6.2686,6.643,185,1975-08-08,"Crime, Mystery, Thriller, Drama"
1140535,Presence,2000000,11069405,84,6.835,6.113,769,2025-01-17,"Drama, Horror, Thriller"
673593,Mean Girls,36000000,104970953,113,6.5937,5.877,739,2024-01-10,Comedy
18239,The Twilight Saga: New Moon,50000000,709827462,131,9.8298,5.989,9808,2009-11-18,"Adventure, Fantasy, Drama, Romance"
18240,The Proposal,40000000,317400000,108,14.2072,7.175,7634,2009-06-02,"Comedy, Romance, Drama"
1865,Pirates of the Caribbean: On Stranger Tides,379000000,1046721266,136,16.1988,6.572,15071,2011-05-15,"Adventure, Action, Fantasy"
10066,House of Wax,40000000,68766121,113,9.6696,6.037,3392,2005-05-05,"Horror, Thriller, Mystery"
345940,The Meg,150000000,530517320,113,15.5424,6.252,8259,2018-08-09,"Action, Science Fiction, Horror"
10068,Nine 1/2 Weeks,17000000,6740470,117,7.2652,6.123,1144,1986-02-09,"Drama, Romance"
1878,Fear and Loathing in Las Vegas,18500000,10700000,118,6.0068,7.203,5074,1998-05-22,"Adventure, Drama, Comedy"
75612,Oblivion,120000000,286168572,124,9.5192,6.685,11620,2013-04-10,"Action, Science Fiction, Adventure, Mystery"
1885,The Karate Kid,8000000,91138075,127,7.9623,7.228,4769,1984-06-22,"Action, Drama, Family"
419680,Daddy's Home 2,69000000,180613180,100,6.5217,6.308,2756,2017-11-09,Comedy
1891,The Empire Strikes Back,18000000,538400000,124,17.7731,8.392,18580,1980-05-20,"Adventure, Action, Science Fiction"
1892,Return of the Jedi,32350000,572700000,132,12.8541,7.91,17074,1983-05-25,"Adventure, Action, Science Fiction"
1893,Star Wars: Episode I - The Phantom Menace,115000000,1046515409,136,14.1661,6.582,15981,1999-05-19,"Adventure, Action, Science Fiction"
1894,Star Wars: Episode II - Attack of the Clones,120000000,649398328,142,10.9123,6.597,14481,2002-05-15,"Adventure, Action, Science Fiction"
1895,Star Wars: Episode III - Revenge of the Sith,113000000,850000000,140,13.6868,7.472,15080,2005-05-17,"Adventure, Action, Science Fiction"
10096,13 Going on 30,37000000,96458118,98,7.4863,6.777,5584,2004-04-13,"Comedy, Fantasy, Romance"
1913,The Sea Inside,12806000,43731621,126,10.9911,7.562,1030,2004-09-03,Drama
10112,The Aristocats,4000000,191000000,78,8.7557,7.304,5407,1970-12-24,"Animation, Comedy, Family, Adventure"
1923,Twin Peaks: Fire Walk with Me,10000000,4237427,135,5.9837,7.4,2298,1992-06-03,"Drama, Mystery, Horror"
75656,Now You See Me,75000000,351723989,116,13.5062,7.329,16920,2013-05-29,"Thriller, Crime"
1288072,Keeper,6000000,6223404,99,6.9725,5.7,293,2025-11-12,"Horror, Mystery"
1930,The Amazing Spider-Man,215000000,758725893,136,28.4553,6.742,18693,2012-06-23,"Action, Adventure, Science Fiction"
1933,The Others,17000000,210002906,101,9.4898,7.616,7270,2001-08-02,"Horror, Mystery, Thriller"
10137,Stuart Little,133000000,300135367,84,6.3062,6.081,4694,1999-12-17,"Family, Fantasy, Comedy, Adventure"
92060,Michael Jackson's Thriller,500000,76000000,14,7.5532,8.3,778,1983-11-21,"Horror, Music, Thriller"
10140,The Chronicles of Narnia: The Voyage of the Dawn Treader,155000000,415686217,113,7.432,6.443,5949,2010-12-02,"Adventure, Family, Fantasy"
1948,Crank,12000000,42900000,88,6.0266,6.666,4262,2006-08-31,"Action, Thriller, Crime"
1955,The Elephant Man,5000000,26000000,124,6.4615,8.0,3977,1980-10-09,"Drama, History"
1966,Alexander,155000000,167298192,176,9.0181,5.958,3545,2004-11-21,"War, History, Action, Adventure, Drama, Romance"
18360,Night at the Museum: Battle of the Smithsonian,150000000,413106170,105,7.9814,6.157,7346,2009-05-20,"Adventure, Fantasy, Action, Comedy, Family"
1979,Fantastic Four: Rise of the Silver Surfer,130000000,301913131,92,7.5891,5.632,8467,2007-06-13,"Science Fiction, Adventure, Action"
1991,Death Proof,25000000,31126421,113,6.3201,6.836,5685,2007-05-22,"Action, Thriller"
10184,He's Just Not That Into You,40000000,178866158,129,7.2615,6.623,4076,2009-02-06,"Comedy, Romance, Drama"
1995,Lara Croft: Tomb Raider,115000000,274703340,100,6.9907,5.917,6575,2001-06-15,"Adventure, Action, Fantasy"
10191,How to Train Your Dragon,165000000,495141736,98,15.9423,7.864,14507,2010-03-18,"Fantasy, Adventure, Animation, Family"
10192,Shrek Forever After,165000000,752600867,93,10.7987,6.407,8030,2010-05-20,"Comedy, Adventure, Fantasy, Animation, Family"
10193,Toy Story 3,200000000,1067316101,103,25.6226,7.814,15956,2010-06-16,"Animation, Family, Comedy"
10195,Thor,150000000,449326618,115,18.557,6.771,22488,2011-04-21,"Adventure, Fantasy, Action"
10196,The Last Airbender,150000000,319713881,103,9.1773,4.649,4298,2010-06-30,"Action, Adventure, Fantasy"
845781,Red One,250000000,185700759,124,11.6688,6.975,3089,2024-10-31,"Action, Comedy, Fantasy"
10198,The Princess and the Frog,105000000,270997378,98,14.3155,7.231,6187,2009-12-08,"Animation, Romance, Fantasy, Family"
2005,Sister Act,31000000,231605150,100,7.1911,6.831,3476,1992-05-28,"Music, Comedy"
493529,Dungeons & Dragons: Honor Among Thieves,151000000,208200000,134,13.7756,7.358,4756,2023-03-23,"Adventure, Fantasy, Comedy"
10202,Bedtime Stories,80000000,212874864,99,6.1927,6.153,3004,2008-12-24,"Fantasy, Comedy, Family, Romance"
2019,Hard Target,18000000,74189677,99,6.0701,6.505,1358,1993-04-27,"Action, Thriller, Crime"
18405,The Last House on the Left,15000000,32721635,113,7.2177,6.495,1978,2009-03-13,"Crime, Thriller, Horror, Drama"
2022,Mr. Deeds,50000000,171269565,97,7.3524,5.924,2554,2002-06-28,"Comedy, Romance"
2024,The Patriot,110000000,215294342,165,9.6313,7.211,4391,2000-06-28,"Drama, History, War, Action"
124905,Godzilla,160000000,524978362,123,12.378,6.362,9877,2014-05-14,"Action, Drama, Science Fiction"
116711,Epic,100000000,268426634,102,8.4256,6.566,2967,2013-05-15,"Animation, Adventure, Family, Fantasy"
2034,Training Day,45000000,104900000,122,7.9723,7.528,6683,2001-10-05,"Action, Crime, Drama"
10228,Pokémon: The First Movie,30000000,163644940,96,5.9326,6.967,1600,1998-07-18,"Animation, Family, Adventure, Fantasy, Action"
1083381,Backrooms,10000000,195963464,111,452.7738,7.09,1959,2026-05-27,"Horror, Mystery, Science Fiction"
10229,A Walk to Remember,11800000,47494916,102,6.3469,7.753,4294,2002-01-25,"Drama, Romance"
976893,Perfect Days,14000000,24094016,124,7.7397,7.808,1967,2023-11-10,Drama
2046,The Gift,10000000,12008642,112,7.1979,6.484,1406,2000-12-22,"Horror, Drama, Thriller, Mystery"
34813,The Losers,25000000,23580000,97,6.4804,6.256,2013,2010-04-23,"Action, Adventure, Crime, Mystery, Thriller"
2048,"I, Robot",120000000,347234916,115,10.8093,6.968,12776,2004-07-15,"Action, Science Fiction"
75780,Jack Reacher,60000000,218300000,130,10.0467,6.672,7717,2012-12-20,"Crime, Drama, Thriller, Action"
198663,The Maze Runner,34000000,348319861,113,22.7272,7.191,18250,2014-09-10,"Action, Mystery, Science Fiction, Thriller"
116745,The Secret Life of Walter Mitty,90000000,188133322,114,13.7403,7.227,8344,2013-12-18,"Adventure, Comedy, Drama, Fantasy"
2057,Original Sin,42000000,35402320,116,7.4326,6.144,913,2001-05-08,"Thriller, Drama, Mystery, Romance, History"
2059,National Treasure,100000000,347500000,131,8.1186,6.654,6943,2004-11-19,"Adventure, Action, Mystery"
2062,Ratatouille,150000000,623726000,111,24.4023,7.846,18665,2007-06-28,"Animation, Comedy, Family, Fantasy"
313369,La La Land,30000000,509183536,129,20.3613,7.9,18241,2016-12-01,"Comedy, Drama, Romance"
1083433,I Know What You Did Last Summer,18000000,64808120,111,8.202,5.66,821,2025-07-16,"Horror, Thriller, Mystery"
436270,Black Adam,200000000,393452111,125,19.5962,6.79,7112,2022-10-19,"Action, Adventure, Science Fiction"
428078,Mortal Engines,100000000,83869818,128,8.0214,6.241,5230,2018-11-27,"Adventure, Science Fiction"
59440,Warrior,25000000,23300000,140,6.8826,7.841,5062,2011-09-09,"Drama, Action"
100402,Captain America: The Winter Soldier,170000000,714766572,136,12.2135,7.656,20155,2014-03-20,"Action, Adventure, Science Fiction"
2105,American Pie,11000000,235483004,95,15.5097,6.615,8403,1999-07-09,"Comedy, Romance"
18491,Neon Genesis Evangelion: The End of Evangelion,7500000,26000000,87,14.3772,8.259,1889,1997-07-19,"Animation, Science Fiction, Drama, Fantasy, Action"
2109,Rush Hour,33000000,244721064,97,12.0058,7.084,5755,1998-09-18,"Action, Comedy, Crime"
43074,Ghostbusters,144000000,229147509,117,8.5452,5.343,6827,2016-07-14,"Action, Fantasy, Comedy"
911430,F1,300000000,634142436,156,29.5626,7.816,4297,2025-06-25,"Action, Drama"
2118,L.A. Confidential,35000000,126216940,138,7.1416,7.804,5610,1997-09-19,"Crime, Mystery, Thriller"
2119,Days of Thunder,60000000,157920733,107,6.2701,6.391,1742,1990-06-27,"Adventure, Action, Drama"
10315,Fantastic Mr. Fox,40000000,46471023,87,8.485,7.8,6181,2009-10-14,"Adventure, Animation, Comedy, Family"
321612,Beauty and the Beast,160000000,1266115964,129,14.7874,6.967,16075,2017-03-16,"Family, Fantasy, Romance"
550988,Free Guy,110000000,331526598,115,12.0293,7.4,9946,2021-08-11,"Comedy, Adventure, Science Fiction"
739405,Operation Fortune: Ruse de Guerre,50000000,48983306,114,6.8443,6.468,1991,2023-01-04,"Action, Comedy, Thriller, Adventure"
2123,"Me, Myself & Irene",51000000,149270999,117,5.9992,6.625,4304,2000-06-22,Comedy
10327,"Legally Blonde 2: Red, White & Blonde",45000000,124914842,95,7.7162,5.722,1771,2003-07-02,"Comedy, Romance"
1239134,Bhooth Bangla,14000000,20000000,163,12.0455,5.566,53,2026-04-16,"Horror, Comedy"
10340,Lady and the Tramp,4000000,36359037,76,8.8446,7.13,5686,1955-06-22,"Animation, Family, Romance, Adventure, Comedy"
10358,Zack and Miri Make a Porno,24000000,42105111,102,6.1421,6.345,2698,2008-09-18,"Comedy, Romance"
723072,Host,100000,443807,56,5.7475,6.577,1290,2020-09-10,Horror
329865,Arrival,47000000,203388186,116,16.1931,7.631,19553,2016-11-10,"Drama, Science Fiction, Mystery"
936075,Michael,250000000,1001897734,128,125.8724,8.699,3648,2026-04-22,"Music, Drama"
10386,The Iron Giant,50000000,23300000,86,8.7456,7.962,6251,1999-08-06,"Animation, Drama, Family, Science Fiction"
10393,The Replacements,50000000,50054511,118,6.3328,6.715,1090,2000-08-11,Comedy
10428,Hackers,20000000,7563728,105,6.297,6.383,1502,1995-09-14,"Action, Crime, Thriller, Drama"
395458,Suburbicon,25000000,12751667,105,9.646,5.896,1825,2017-10-26,"Thriller, Crime, Drama, Mystery"
10439,Hocus Pocus,28000000,51663767,96,6.0231,7.041,3324,1993-07-16,"Fantasy, Comedy, Family"
1124566,Sentimental Value,7800000,23883986,133,10.3051,7.448,985,2025-08-20,Drama
1337562,Splitsville,20000000,3487610,105,6.3569,6.314,228,2025-08-21,"Comedy, Romance"
1214684,Kiss of the Spider Woman,34000000,1747220,128,5.4347,6.1,77,2025-10-09,"Romance, Music, Drama, Thriller"
2270,Stardust,70000000,137500000,127,6.6428,7.294,4504,2007-08-10,"Adventure, Fantasy, Romance, Family"
10483,Death Race,45000000,76000000,105,6.8965,6.313,4192,2008-08-22,"Action, Thriller, Science Fiction"
1083637,Kantara - A Legend: Chapter 1,14000000,91000000,165,6.1048,7.182,88,2025-10-01,"Action, Drama, Fantasy"
2294,Jay and Silent Bob Strike Back,22000000,33788161,104,5.9902,6.441,1756,2001-08-22,"Comedy, Adventure, Action"
76025,Shame,6500000,3909002,102,8.2525,6.933,3443,2011-10-02,Drama
346364,It,35000000,719766009,135,10.9627,7.241,20454,2017-09-06,"Horror, Thriller, Drama"
10494,Perfect Blue,830442,2743097,81,12.446,8.303,3263,1998-02-28,"Animation, Thriller"
10501,The Road to El Dorado,95000000,76400000,90,7.4025,7.3,4157,2000-03-31,"Family, Adventure, Animation, Comedy, Fantasy"
1124620,The Monkey,10000000,68871071,97,8.178,6.0,1388,2025-02-10,"Horror, Comedy"
256274,"As Above, So Below",5000000,41898409,93,8.0344,6.748,3900,2014-08-14,"Horror, Thriller"
2322,Sneakers,23000000,105232691,125,6.3573,6.91,1068,1992-09-09,"Comedy, Crime, Drama"
1280282,Gabby's Dollhouse: The Movie,32000000,80322142,98,6.6528,6.901,86,2025-09-13,"Adventure, Animation, Comedy, Family, Fantasy"
10527,Madagascar: Escape 2 Africa,150000000,603900354,89,11.1085,6.528,7493,2008-10-30,"Adventure, Animation, Comedy, Family"
10528,Sherlock Holmes,90000000,524028679,129,10.3517,7.222,14874,2009-12-23,"Action, Adventure, Mystery"
10530,Pocahontas,55000000,346079773,81,7.1831,6.915,6114,1995-06-16,"Adventure, Animation, Family, Romance"
600354,The Father,6000000,21029340,97,6.9669,8.09,3685,2020-12-23,Drama
10545,The Hunchback of Notre Dame,100000000,325300000,91,8.2745,7.1,5403,1996-06-21,"Drama, Animation, Family"
698687,Transformers One,75000000,129408392,104,13.6542,7.979,1682,2024-09-11,"Animation, Science Fiction, Adventure, Family"
158015,The Purge,3000000,91266581,85,7.7421,6.25,8905,2013-05-31,"Science Fiction, Horror, Thriller"
43347,Love & Other Drugs,30000000,102800000,112,9.5273,7.044,5653,2010-11-22,"Drama, Comedy, Romance"
51540,Horrible Bosses,35000000,209838559,98,6.5922,6.574,6863,2011-07-08,"Comedy, Crime"
1272149,Bridget Jones: Mad About the Boy,50000000,140431671,124,6.7352,6.371,556,2025-02-12,"Romance, Comedy, Drama"
10585,Child's Play,9000000,44196684,87,7.398,6.762,3400,1988-11-09,Horror
10591,The Girl Next Door,21000000,31635150,110,10.1497,6.753,4089,2004-04-09,"Comedy, Romance"
18785,The Hangover,35000000,469310836,100,17.3719,7.336,18246,2009-06-02,Comedy
493922,Hereditary,10000000,87796204,128,14.88,7.294,8711,2018-06-07,"Horror, Mystery, Thriller"
10601,Peter Pan,100000000,121975011,113,8.1389,7.131,2787,2003-12-18,"Adventure, Fantasy, Family"
10603,George of the Jungle,55000000,174463257,92,6.0934,5.667,2282,1997-07-15,"Adventure, Comedy, Family, Romance"
149870,The Wind Rises,30000000,117932401,126,7.1634,7.786,3413,2013-07-20,"Animation, Drama, History, Romance"
149871,The Tale of The Princess Kaguya,49300000,24366656,137,6.0183,8.092,2011,2013-11-23,"Animation, Drama, Fantasy"
10625,Mean Girls,17000000,130195052,97,13.319,7.226,9542,2004-04-30,"Drama, Comedy"
18823,Clash of the Titans,125000000,493214993,106,8.5424,5.923,6742,2010-03-26,"Adventure, Fantasy, Action"
190859,American Sniper,58800000,542300000,133,11.6726,7.412,13741,2014-12-25,"War, Action"
10637,Remember the Titans,30000000,136700000,113,5.975,7.66,2997,2000-09-29,Drama
27022,The Sorcerer's Apprentice,150000000,215300000,109,7.2255,6.146,5316,2010-07-13,"Fantasy, Adventure, Action"
2454,The Chronicles of Narnia: Prince Caspian,225000000,419665568,150,8.2574,6.635,6840,2008-05-15,"Adventure, Family, Fantasy"
10647,Pay It Forward,40000000,55707411,122,5.9288,7.39,2043,2000-10-20,Drama
76203,12 Years a Slave,20000000,187000000,134,9.6565,7.93,12074,2013-10-18,"Drama, History"
10674,Mulan,90000000,304320254,88,15.1679,7.9,10536,1998-06-18,"Animation, Family, Adventure"
10681,WALL·E,180000000,521311860,98,28.3687,8.117,20510,2008-06-26,"Animation, Family, Science Fiction"
2493,The Princess Bride,16000000,30900000,99,10.1469,7.7,5172,1987-09-25,"Adventure, Fantasy, Romance, Family, Comedy"
2501,The Bourne Identity,60000000,214034224,119,11.935,7.481,10190,2002-06-14,"Action, Mystery, Thriller"
2502,The Bourne Supremacy,75000000,288500217,108,8.8598,7.333,8236,2004-07-23,"Action, Drama, Thriller"
2503,The Bourne Ultimatum,70000000,442824138,115,7.9509,7.44,8441,2007-08-03,"Action, Drama, Mystery, Thriller"
1108427,Moana,250000000,183581607,115,619.8748,5.809,136,2026-07-08,"Family, Fantasy, Comedy, Adventure"
1214931,Nuremberg,11800000,37009109,149,14.0877,7.589,1230,2025-11-06,"History, Drama"
264660,Ex Machina,15000000,36869414,108,10.1006,7.572,14388,2015-01-21,"Drama, Science Fiction"
59859,Kick-Ass 2,28000000,60795985,103,6.2026,6.404,6637,2013-07-17,"Action, Adventure, Crime"
223702,Sausage Party,19000000,140705322,89,7.9677,5.754,7760,2016-07-11,"Adventure, Animation, Comedy, Fantasy"
10719,Elf,32000000,228500000,97,8.4448,6.668,4603,2003-11-07,"Comedy, Family, Fantasy"
117251,White House Down,150000000,205366737,131,7.1336,6.469,5150,2013-06-27,"Action, Drama, Thriller"
682507,Where the Crawdads Sing,24000000,144353965,126,10.6524,7.523,2346,2022-07-14,"Drama, Mystery, Romance"
10764,Quantum of Solace,200000000,589593688,106,8.4453,6.338,8625,2008-10-29,"Adventure, Action, Thriller"
117263,Olympus Has Fallen,70000000,170270201,120,9.1145,6.415,7118,2013-03-20,"Action, Thriller"
674324,The Banshees of Inisherin,20000000,49300000,114,6.8187,7.464,3421,2022-10-20,"Drama, Comedy"
10775,Infernal Affairs,6400000,8836958,101,7.3306,7.808,1884,2002-12-12,"Drama, Action, Thriller, Crime, Mystery"
346648,Paddington 2,40000000,290132513,104,7.4285,7.478,2831,2017-11-09,"Adventure, Comedy, Family"
166424,Fantastic Four,120000000,167977596,100,8.2914,4.435,6455,2015-08-05,"Action, Adventure, Science Fiction"
166426,Pirates of the Caribbean: Dead Men Tell No Tales,230000000,795922298,129,12.4021,6.662,12913,2017-05-23,"Adventure, Action, Fantasy"
166428,How to Train Your Dragon: The Hidden World,129000000,539987993,104,12.5828,7.754,7191,2019-01-03,"Animation, Family, Adventure"
109091,The Counselor,25000000,71009334,117,8.9448,5.295,2006,2013-10-25,"Thriller, Crime, Drama"
2604,Born on the Fourth of July,14000000,161001698,145,8.1633,7.004,1904,1989-12-20,"Drama, War"
526896,Morbius,75000000,167635712,105,17.4208,5.897,4869,2022-03-30,"Action, Science Fiction, Fantasy"
346672,Underworld: Blood Wars,35000000,81093313,91,6.0388,5.922,3963,2016-11-24,"Fantasy, Action, Thriller, Science Fiction, Horror"
76338,Thor: The Dark World,170000000,644783140,112,17.2224,6.512,18447,2013-10-30,"Action, Adventure, Fantasy"
10802,Showgirls,45000000,20367472,131,7.889,5.569,1405,1995-09-22,Drama
76341,Mad Max: Fury Road,150000000,378858340,121,27.0082,7.635,24269,2015-05-13,"Action, Adventure, Science Fiction"
10805,Staying Alive,22000000,126041474,96,5.9943,5.784,502,1983-07-11,"Drama, Music, Romance"
395834,Wind River,11000000,44998252,107,8.5045,7.437,5837,2017-08-03,"Crime, Mystery, Thriller"
346685,The Girl on the Train,45000000,173200000,112,7.0521,6.439,6080,2016-10-05,"Crime, Mystery, Thriller"
59967,Looper,30000000,47042000,118,7.914,6.91,11006,2012-09-26,"Action, Thriller, Science Fiction"
1149504,Honey Don't!,20000000,7445237,89,7.691,5.535,433,2025-08-21,"Comedy, Crime, Thriller"
27205,Inception,160000000,839030630,148,53.247,8.372,39615,2010-07-15,"Action, Science Fiction, Adventure"
346698,Barbie,145000000,1447138421,114,21.1591,6.917,11264,2023-07-19,"Comedy, Adventure, Fantasy"
2636,The Specialist,45000000,170362582,110,6.4169,5.948,1461,1994-10-07,"Action, Thriller"
256591,Focus,50100000,153962963,105,6.1438,6.871,8337,2015-02-25,"Romance, Comedy, Crime"
363088,Ant-Man and the Wasp,140000000,622674139,119,13.4877,6.903,14285,2018-07-04,"Action, Adventure, Science Fiction"
502356,The Super Mario Bros. Movie,100000000,1360879735,93,30.5478,7.602,10922,2023-04-05,"Family, Comedy, Adventure, Fantasy, Animation"
2654,In the Mouth of Madness,8000000,8946600,95,6.0308,7.204,1942,1995-02-03,"Horror, Mystery"
354912,Coco,175000000,814641172,105,23.7886,8.197,21148,2017-10-27,"Family, Animation, Music, Adventure"
2666,Dark City,27000000,27200000,101,6.5962,7.327,3251,1998-02-27,"Mystery, Science Fiction"
2667,The Blair Witch Project,60000,248639099,81,7.3359,6.366,5522,1999-07-14,"Horror, Mystery"
2668,Sleepy Hollow,100000000,206071526,105,8.9553,7.194,7442,1999-11-19,"Fantasy, Thriller, Mystery, Horror"
2671,Ring,1200000,19400000,96,7.0163,7.093,1685,1998-01-31,"Horror, Thriller"
10865,Atlantis: The Lost Empire,120000000,186053725,95,7.2459,7.047,5195,2001-06-02,"Animation, Family, Adventure, Science Fiction"
2675,Signs,72000000,408200000,106,7.3821,6.726,6392,2002-08-02,"Thriller, Science Fiction, Horror"
51828,One Day,15000000,59400000,107,6.9669,7.418,4552,2011-03-02,"Drama, Romance"
10882,Sleeping Beauty,6000000,51600000,75,9.3092,6.9,5514,1959-02-17,"Fantasy, Animation, Romance, Family"
10895,Pinocchio,2600000,164000000,88,8.4486,7.113,6291,1940-02-23,"Animation, Family, Fantasy"
51876,Limitless,27000000,161900000,106,11.488,7.202,11572,2011-03-17,"Thriller, Mystery, Science Fiction"
666277,Past Lives,12000000,28126646,106,10.4822,7.7,2370,2023-06-02,"Drama, Romance"
617126,The Fantastic 4: First Steps,229600000,521858728,115,37.1923,6.955,3529,2025-07-23,"Science Fiction, Adventure, Action"
2756,The Abyss,43000000,90000098,140,7.2644,7.356,3491,1989-08-09,"Adventure, Thriller, Science Fiction"
10948,The Fox and the Hound,12000000,29800000,82,6.2027,7.165,3537,1981-07-10,"Adventure, Animation, Drama, Family"
2758,Addams Family Values,47000000,48919043,94,8.171,6.978,3343,1993-11-19,"Comedy, Family, Fantasy"
10952,New Jack City,8500000,47624253,101,5.9659,6.702,613,1991-03-08,"Thriller, Crime, Drama"
76493,The Dictator,65000000,179379533,83,10.9968,6.238,6517,2012-05-15,Comedy
395991,Only the Brave,38000000,25754775,133,5.8415,7.479,1901,2017-09-22,"Drama, History"
395992,Life,58000000,100541806,104,7.276,6.5,7994,2017-03-22,"Horror, Science Fiction, Mystery"
330457,Frozen II,150000000,1453683476,103,18.4169,7.229,10353,2019-11-20,"Family, Animation, Adventure, Comedy, Fantasy"
330459,Rogue One: A Star Wars Story,200000000,1056057273,133,12.4042,7.51,16539,2016-12-14,"Action, Adventure, Science Fiction"
1280738,The Furious,20000000,36653413,113,138.5131,7.376,237,2026-06-10,"Action, Crime, Thriller"
10982,Hoodwinked!,8000000,110000000,81,6.907,6.314,1943,2005-12-16,"Animation, Comedy, Crime, Family, Mystery"
10999,Commando,10000000,57500000,90,7.1325,6.708,3183,1985-10-03,"Action, Adventure, Thriller"
281338,War for the Planet of the Apes,150000000,490719763,140,12.4511,7.221,9807,2017-07-11,"Drama, Science Fiction, War"
11006,Smokey and the Bandit,4300000,126700000,96,13.9688,6.989,821,1977-05-27,"Action, Adventure, Comedy"
11009,Saturday Night Fever,3500000,237113184,118,5.4973,6.734,2103,1977-12-16,Drama
11012,Damage,11000000,31000000,111,58.8875,6.606,710,1992-12-02,"Drama, Romance"
11023,Thirteen,2000000,10128960,100,7.6225,6.692,1778,2003-08-20,Drama
2832,Identity,28000000,90259536,90,8.2224,7.185,4429,2003-04-25,"Mystery, Thriller"
453395,Doctor Strange in the Multiverse of Madness,350600000,955775804,126,24.5987,7.232,10493,2022-05-04,"Fantasy, Action, Adventure"
11036,The Notebook,29000000,115600000,123,21.0295,7.891,12679,2004-06-25,"Romance, Drama"
346910,The Predator,88000000,160542134,107,9.8201,5.622,5196,2018-09-05,"Science Fiction, Action, Thriller"
297761,Suicide Squad,175000000,749200054,122,10.0526,5.917,22218,2016-08-03,"Action, Adventure, Fantasy"
297762,Wonder Woman,149000000,823970682,141,10.7671,7.207,21010,2017-05-30,"Action, Adventure, Fantasy"
379686,Space Jam: A New Legacy,150000000,163692228,115,8.2361,6.638,4251,2021-07-08,"Family, Comedy, Adventure, Animation, Science Fiction"
1035048,Elevation,18000000,3300000,91,6.356,6.406,1018,2024-11-07,"Action, Science Fiction, Thriller"
76600,Avatar: The Way of Water,460000000,2334484620,192,38.2309,7.594,14374,2022-12-14,"Action, Adventure, Science Fiction"
568124,Encanto,150000000,261292688,102,15.2464,7.6,10282,2021-10-13,"Animation, Comedy, Family, Fantasy"
76617,Texas Chainsaw 3D,20000000,47340586,92,6.7555,5.488,1841,2013-01-03,"Horror, Thriller"
297802,Aquaman,160000000,1152028393,143,12.8945,6.867,15022,2018-12-07,"Action, Adventure, Fantasy"
1084242,Zootopia 2,150000000,1868208796,108,49.3377,7.682,3143,2025-11-26,"Animation, Adventure, Comedy, Mystery, Family"
1084244,Toy Story 5,250000000,958418566,102,372.2682,7.4,682,2026-06-17,"Animation, Family, Comedy, Adventure"
207703,Kingsman: The Secret Service,81000000,414351546,129,12.8882,7.62,17928,2015-01-24,"Crime, Comedy, Action, Adventure"
2907,The Addams Family,30000000,191502426,100,7.1259,7.073,5096,1991-11-22,"Comedy, Fantasy"
273248,The Hateful Eight,44000000,155760117,188,11.9595,7.756,15401,2015-12-25,"Drama, Mystery, Western"
568160,Weathering with You,11100000,192729404,112,8.1141,7.976,2658,2019-07-19,"Animation, Drama, Fantasy, Romance"
109414,This Is the End,32000000,126041322,106,7.0244,6.231,6910,2013-06-12,"Action, Comedy"
109418,Grown Ups 2,80000000,247022278,101,12.5941,6.184,4751,2013-07-11,Comedy
109424,Captain Phillips,55000000,218791811,134,7.2891,7.542,7562,2013-10-10,"Action, Drama, Thriller"
109428,Evil Dead,17000000,99010045,91,26.9448,6.621,5146,2013-04-05,Horror
109431,Identity Thief,35000000,173965010,111,5.6828,5.849,3533,2013-02-07,"Comedy, Crime"
109439,The Hangover Part III,103000000,362000072,100,11.2071,6.213,9308,2013-05-23,Comedy
109445,Frozen,150000000,1274219009,102,22.3247,7.249,17693,2013-11-20,"Animation, Family, Adventure, Fantasy"
1125257,Freakier Friday,42000000,153176952,110,10.6901,6.8,757,2025-08-06,"Comedy, Fantasy, Family"
109451,Cloudy with a Chance of Meatballs 2,78000000,248384621,95,7.0154,6.452,3512,2013-09-26,"Animation, Family, Comedy"
404368,Ralph Breaks the Internet,175000000,529323962,112,10.3076,7.158,8171,2018-11-20,"Action, Adventure, Animation, Comedy, Family, Science Fiction"
560016,Monkey Man,10000000,35271631,122,8.3712,6.861,1452,2024-04-03,"Thriller, Crime, Action"
1198994,Send Help,40000000,94041481,113,35.2196,7.044,2010,2026-01-22,"Horror, Thriller, Comedy"
60304,Hansel & Gretel: Witch Hunters,50000000,226349749,88,7.2995,6.108,7152,2013-01-17,"Fantasy, Horror, Action"
60308,Moneyball,50000000,110206216,134,6.038,7.299,5852,2011-09-23,Drama
84892,The Perks of Being a Wallflower,13000000,33384127,103,9.4424,7.805,11299,2012-09-20,Drama
2977,Becoming Jane,16500000,39380831,120,4.3286,7.311,1268,2007-03-02,"Romance, Drama"
43947,I Spit on Your Grave,2000000,572809,108,13.2003,6.505,2612,2010-06-17,"Thriller, Crime, Horror"
43949,Flipped,14000000,4324817,89,8.5387,8.013,3361,2010-08-06,"Romance, Drama"
1223601,Sisu: Road to Revenge,12200000,9811703,89,12.3452,7.32,846,2025-10-21,"Action, War, Thriller"
101299,The Hunger Games: Catching Fire,130000000,865011746,146,13.8764,7.428,18566,2013-11-15,"Adventure, Action, Science Fiction"
76726,Chronicle,15000000,145000000,84,8.1438,6.857,5796,2012-02-01,"Science Fiction, Drama, Thriller"
27576,Salt,110000000,293329073,100,5.9775,6.42,5985,2010-07-21,"Action, Mystery, Thriller"
27578,The Expendables,80000000,274470394,103,10.1054,6.253,8359,2010-08-07,"Thriller, Adventure, Action"
986056,Thunderbolts*,180000000,382436917,127,22.6809,7.3,3709,2025-04-30,"Action, Science Fiction, Adventure"
420809,Maleficent: Mistress of Evil,185000000,491730089,119,10.7675,7.295,6537,2019-10-16,"Family, Fantasy, Adventure"
19404,Dilwale Dulhania Le Jayenge,13200000,100000000,190,13.2936,8.51,4602,1995-10-20,"Comedy, Drama, Romance"
11212,Baby's Day Out,50000000,16671505,99,5.6418,6.416,1477,1994-07-01,"Comedy, Adventure, Family, Crime"
216015,Fifty Shades of Grey,40000000,569651467,125,19.5855,5.867,12456,2015-02-11,"Drama, Romance, Thriller"
420817,Aladdin,183000000,1054304000,127,12.4055,7.081,10692,2019-05-22,"Adventure, Fantasy, Romance, Family"
76757,Jupiter Ascending,176000000,184000000,127,11.1893,5.471,7163,2015-02-04,"Science Fiction, Fantasy, Action"
11224,Cinderella,2900000,263600000,74,12.5626,7.049,7203,1950-02-22,"Family, Fantasy, Animation, Romance"
11237,Anacondas: The Hunt for the Blood Orchid,20000000,70992898,96,5.4821,5.5,1119,2004-08-25,"Adventure, Horror, Thriller"
3049,Ace Ventura: Pet Detective,15000000,107217396,86,8.0659,6.583,6455,1994-02-04,"Comedy, Crime, Mystery"
3050,Doctor Dolittle,71000000,294500000,85,5.3562,5.728,3320,1998-06-26,"Comedy, Family, Fantasy"
1100782,Smile 2,28000000,138128854,127,12.3514,6.588,2232,2024-10-16,"Horror, Music, Mystery, Thriller"
986097,HIM,27000000,27834512,96,5.7069,5.6,422,2025-09-18,"Horror, Mystery"
11253,Hellboy II: The Golden Army,85000000,160388063,120,5.7915,6.77,5657,2008-07-11,"Fantasy, Action"
265208,Wild Card,30000000,6738764,92,5.6501,5.707,1958,2015-01-14,"Thriller, Crime, Action"
1035259,The Naked Gun,42000000,102147396,85,13.4945,6.367,1841,2025-07-30,"Comedy, Crime, Action"
314365,Spotlight,20000000,98690254,129,6.6879,7.812,8854,2015-11-06,"Drama, History"
1272837,28 Years Later: The Bone Temple,63000000,58522222,109,36.1789,7.115,1465,2026-01-14,"Horror, Thriller, Science Fiction"
338952,Fantastic Beasts: The Crimes of Grindelwald,200000000,654900000,134,8.9382,6.833,11544,2018-11-14,"Fantasy, Adventure"
338953,Fantastic Beasts: The Secrets of Dumbledore,200000000,407200000,142,14.4278,6.627,5151,2022-04-06,"Fantasy, Adventure"
150540,Inside Out,175000000,857611174,95,24.8801,7.908,23635,2015-06-17,"Animation, Family, Adventure, Drama, Comedy"
519182,Despicable Me 4,100000000,972021410,94,24.441,6.982,3278,2024-06-20,"Animation, Comedy, Action, Science Fiction, Family"
338967,Zombieland: Double Tap,42000000,122810399,99,6.4021,6.895,6335,2019-10-09,"Horror, Comedy"
338970,Tomb Raider,94000000,274650803,118,7.9889,6.365,8417,2018-03-05,"Action, Adventure, Fantasy"
1371185,Song Sung Blue,30000000,57889762,133,6.0904,7.371,272,2025-12-15,"Music, Romance, Drama"
11324,Shutter Island,80000000,294804195,138,20.6623,8.198,26066,2010-02-14,"Drama, Thriller, Mystery"
207932,Inferno,75000000,220021259,122,7.5405,6.1,6702,2016-10-13,"Mystery, Thriller, Action"
1010755,The Strangers: Chapter 3,8500000,9191988,92,11.8688,5.9,245,2026-02-05,"Horror, Thriller"
273477,Scouts Guide to the Zombie Apocalypse,15000000,14900000,93,10.7315,6.584,2152,2015-10-23,"Comedy, Horror"
11351,Jeepers Creepers 2,17000000,63102666,104,6.3351,6.19,1842,2003-08-08,Horror
11360,Dumbo,812000,1600000,64,6.2007,7.0,5327,1941-10-31,"Animation, Family"
11362,The Count of Monte Cristo,35000000,75395048,131,8.3804,7.682,2055,2002-01-23,"Adventure, Drama, History"
3170,Bambi,858000,267447150,70,6.821,7.015,6069,1942-08-14,"Animation, Drama, Family"
68721,Iron Man 3,200000000,1215577205,130,15.9814,6.933,23575,2013-04-18,"Action, Adventure, Science Fiction"
68726,Pacific Rim,180000000,411000000,131,28.3973,6.937,13545,2013-07-11,"Action, Science Fiction, Adventure"
68728,Oz the Great and Powerful,200000000,491868548,130,7.1072,5.938,6854,2013-03-07,"Fantasy, Adventure, Family"
68730,Silence,46000000,23834809,161,6.6937,7.121,3347,2016-12-23,"Drama, History"
68735,Warcraft,160000000,433677183,123,9.061,6.41,7342,2016-05-25,"Action, Adventure, Fantasy"
11395,The Santa Clause,22000000,189833357,97,7.2517,6.527,2324,1994-11-11,"Fantasy, Drama, Comedy, Family"
158852,Tomorrowland,190000000,209200000,130,10.3572,6.297,7401,2015-05-19,"Adventure, Family, Mystery, Science Fiction"
396422,Annabelle: Creation,15000000,306592201,110,11.0221,6.609,6030,2017-08-03,Horror
1182861,Romería,3735296,2081503,112,8.0421,6.6,71,2025-09-05,Drama
11418,National Lampoon's European Vacation,17000000,49364621,95,5.7767,6.164,1008,1985-07-25,"Adventure, Comedy"
363676,Sully,60000000,240800000,96,6.3152,7.204,7773,2016-09-07,"Drama, History"
150689,Cinderella,95000000,543514353,105,16.345,6.826,7450,2015-03-06,"Romance, Fantasy, Family, Drama"
1305781,Blades of the Guardians,123000000,203356793,126,39.3726,7.173,98,2026-02-17,"Action, Adventure"
44214,Black Swan,13000000,329398046,108,11.1091,7.684,15668,2010-12-03,"Drama, Thriller, Horror"
257211,The Intern,35000000,194564672,121,8.8033,7.23,7385,2015-09-23,Comedy
1100988,28 Years Later,60000000,151308832,115,22.9294,6.612,2701,2025-06-18,"Horror, Thriller, Science Fiction"
240832,Lucy,40000000,469058574,89,12.4716,6.474,17182,2014-07-25,"Action, Science Fiction"
232672,Blended,40000000,128000000,117,8.1649,6.895,3843,2014-05-21,"Comedy, Romance"
52451,The Three Musketeers,75000000,132274484,110,7.2868,5.79,2812,2011-08-31,"Adventure, Action, Thriller"
44264,True Grit,38000000,252300000,110,6.7358,7.308,5803,2010-12-22,"Drama, Adventure, Western"
1330421,Bone Lake,1000000,1688650,94,6.8935,5.901,222,2025-10-02,"Horror, Mystery, Thriller"
396535,Train to Busan,8500000,87547518,118,17.1329,7.753,8503,2016-07-20,"Action, Horror, Thriller"
756999,The Black Phone,16000000,161441914,103,12.3586,7.517,5924,2022-06-16,"Horror, Thriller"
912649,Venom: The Last Dance,120000000,478937618,109,17.5373,6.666,4326,2024-10-22,"Science Fiction, Action, Adventure"
298250,Jigsaw,10000000,104223315,91,9.1891,6.215,4001,2017-10-25,"Horror, Mystery"
11529,Sweet Home Alabama,30000000,180622424,108,6.9645,6.429,1743,2002-09-26,"Comedy, Romance"
93456,Despicable Me 2,76000000,970766005,98,15.3325,6.947,12075,2013-06-26,"Animation, Comedy, Family, Science Fiction"
11551,Small Soldiers,40000000,54682547,110,7.3354,6.557,2358,1998-07-10,"Comedy, Adventure, Fantasy, Science Fiction, Action"
429351,12 Strong,35000000,67450815,130,6.033,6.369,3223,2018-01-18,"War, Drama, Action, History"
290098,The Handmaiden,8575000,38600000,145,19.8286,8.183,4397,2016-06-01,"Thriller, Drama, Romance"
937278,A Man Called Otto,50000000,113360085,126,8.2381,7.748,3648,2022-12-28,"Comedy, Drama"
1084736,The Count of Monte Cristo,46000000,75360860,178,7.7929,7.899,2064,2024-06-28,"Adventure, Action, Drama"
937287,Challengers,55000000,94182533,132,10.283,6.911,2739,2024-04-18,"Drama, Romance"
1092936,The Holy Boy,4025000,377925,122,7.3904,6.9,148,2025-09-17,"Horror, Thriller, Drama"
372058,Your Name.,7500000,405320132,106,23.7182,8.48,12713,2016-07-01,"Animation, Romance, Drama"
281957,The Revenant,135000000,532950503,157,14.8474,7.541,19468,2015-12-25,"Western, Drama, Adventure"
11621,Porco Rosso,9200000,44600000,93,6.3466,7.799,3751,1992-07-18,"Animation, Adventure, Fantasy"
11635,Old School,24000000,87100000,92,9.6061,6.633,2145,2003-02-21,Comedy
585083,Hotel Transylvania: Transformania,75000000,18500000,92,12.7386,7.028,3055,2022-01-31,"Animation, Comedy, Family, Adventure, Fantasy"
11645,Ran,12000000,23334156,160,6.2916,8.009,1846,1985-06-01,"Action, Drama, History"
11649,Masters of the Universe,22000000,17336370,106,14.5844,5.826,1079,1987-08-07,"Action, Fantasy, Science Fiction"
1273221,Scary Movie,30000000,230307286,96,373.5666,6.461,937,2026-06-03,"Comedy, Horror"
855435,Faces of Death,7400000,2610000,97,5.9856,5.5,104,2026-04-10,Horror
609681,The Marvels,274800000,206136825,105,11.9961,5.934,3486,2023-11-08,"Science Fiction, Adventure, Action"
11674,101 Dalmatians,54000000,320689294,103,6.6514,5.946,3673,1996-11-27,"Family, Comedy"
11679,xXx: State of the Union,60000000,71410636,101,6.3919,5.099,2057,2005-04-27,"Action, Adventure, Crime, Thriller"
257445,Goosebumps,58000000,158952243,103,7.4792,6.314,4013,2015-08-05,"Adventure, Horror, Comedy"
11688,The Emperor's New Groove,100000000,169327687,78,13.8606,7.564,7364,2000-12-15,"Adventure, Animation, Comedy, Family, Fantasy"
1265063,After the Hunt,70000000,9426825,139,6.0049,5.673,505,2025-10-09,Drama
11690,Bloodsport,1500000,63500000,92,9.2199,7.063,2201,1988-02-26,"Action, Thriller, Drama"
11697,The Man Who Shot Liberty Valance,3200000,8000000,123,5.265,7.8,1297,1962-04-13,Western
1297842,GOAT,90000000,193566330,100,39.2,8.116,922,2026-02-11,"Animation, Comedy, Family"
282035,The Mummy,125000000,409231607,110,13.1684,5.521,7698,2017-06-06,"Fantasy, Thriller, Action, Adventure, Horror"
19912,The Final Destination,40000000,187384627,82,8.1457,5.615,3961,2009-08-26,"Horror, Mystery"
19913,(500) Days of Summer,7500000,60781545,95,10.3034,7.303,11124,2009-07-17,"Comedy, Drama, Romance"
290250,The Nice Guys,50000000,71261763,116,9.0814,7.131,8748,2016-05-15,"Comedy, Crime, Action"
339403,Baby Driver,34000000,226945087,113,11.9643,7.443,16963,2017-06-28,"Action, Crime"
11770,Shaolin Soccer,10000005,42776760,113,36.2751,7.187,2586,2001-07-05,"Action, Comedy"
11778,The Deer Hunter,15000000,49000000,183,7.85,7.969,4302,1978-12-08,"Drama, War"
724495,The Woman King,50000000,97562514,135,8.0151,7.578,2389,2022-09-16,"Action, Drama, History, War"
28178,Hachi: A Dog's Tale,16000000,46800000,93,9.5431,8.006,7241,2009-06-08,"Drama, Family"
675353,Sonic the Hedgehog 2,110000000,405421518,123,12.4563,7.429,5929,2022-03-30,"Action, Adventure, Family, Comedy"
19995,Avatar,237000000,2923706026,162,32.6902,7.61,34261,2009-12-16,"Action, Science Fiction, Adventure"
585245,Clifford the Big Red Dog,64000000,116586376,96,6.2936,7.154,1843,2021-11-10,"Family, Adventure, Comedy, Fantasy"
429617,Spider-Man: Far From Home,160000000,1132723226,129,23.1025,7.4,17132,2019-06-28,"Action, Adventure, Science Fiction"
249397,Nymphomaniac: Vol. II,2350000,4934725,124,16.9512,6.711,3220,2013-12-25,"Drama, Mystery"
11836,The SpongeBob SquarePants Movie,30000000,141067890,87,10.9378,7.09,3241,2004-11-19,"Adventure, Animation, Comedy, Family, Fantasy"
11838,Ju-on: The Grudge,3500000,3657876,92,6.0817,6.755,967,2002-10-18,Horror
118340,Guardians of the Galaxy,170000000,772776600,121,13.5551,7.907,29925,2014-07-30,"Action, Science Fiction, Adventure"
552524,Lilo & Stitch,100000000,1038027526,108,23.6714,7.199,2203,2025-05-17,"Family, Science Fiction, Comedy"
11852,The Hot Chick,34000000,54639553,104,20.13,6.368,2206,2002-12-13,"Comedy, Fantasy"
11881,Miracle on 34th Street,630000,2700000,96,6.9256,7.359,855,1947-06-04,"Comedy, Drama, Family"
241259,Alice Through the Looking Glass,170000000,299457024,113,9.3071,6.565,6822,2016-05-25,"Adventure, Family, Fantasy"
298618,The Flash,220000000,271333313,144,12.0413,6.621,5086,2023-06-13,"Action, Science Fiction, Adventure"
634492,Madame Web,80000000,100498764,117,7.7843,5.291,2619,2024-02-14,"Action, Fantasy"
315011,Shin Godzilla,15000000,78053145,120,6.933,7.2,1597,2016-07-29,"Action, Science Fiction, Horror"
11917,Saw V,10800000,118209778,95,8.0005,6.175,3850,2008-10-23,"Horror, Thriller, Crime"
11932,Bride of Chucky,25000000,50688658,89,7.3392,6.138,2133,1998-10-15,"Horror, Comedy"
1232546,Until Dawn,15000000,54105064,103,8.7788,6.3,1495,2025-04-23,"Horror, Mystery"
1314481,The Devil Wears Prada 2,100000000,689469075,119,182.5897,7.128,1615,2026-04-29,"Comedy, Drama"
11970,Hercules,85000000,252712101,93,11.4585,7.5,7996,1997-06-13,"Animation, Family, Fantasy, Adventure, Comedy, Romance"
3782,Ikiru,85000,55240,143,10.4666,8.3,1366,1952-10-09,Drama
36557,Casino Royale,150000000,599045960,144,9.8802,7.574,11796,2006-11-14,"Adventure, Action, Thriller"
331482,Little Women,40000000,332103783,135,10.6178,7.85,6891,2019-12-25,"Drama, Romance"
36586,Blade II,54000000,155010032,117,10.6388,6.569,5277,2002-03-22,"Fantasy, Horror, Action, Thriller"
593643,The Menu,35000000,79628200,107,13.4889,7.176,6380,2022-11-17,"Comedy, Horror"
36593,Naked Gun 33⅓: The Final Insult,30000000,132032598,83,6.1897,6.516,2559,1994-03-18,"Comedy, Crime"
274167,Daddy's Home,50000000,242786137,96,7.2683,6.294,3465,2015-12-25,Comedy
569094,Spider-Man: Across the Spider-Verse,100000000,690897910,140,38.6127,8.34,8828,2023-05-31,"Animation, Action, Adventure, Science Fiction"
1011477,Karate Kid: Legends,45000000,117105466,94,9.8244,6.973,1242,2025-05-08,"Action, Adventure, Drama"
1126166,Flight Risk,25000000,48703174,91,6.8427,5.919,1189,2025-01-22,"Action, Thriller"
634649,Spider-Man: No Way Home,200000000,1921206586,148,74.6332,7.934,22274,2021-12-15,"Action, Adventure, Science Fiction"
315162,Puss in Boots: The Last Wish,90000000,484700000,103,22.3767,8.212,9029,2022-12-07,"Animation, Adventure, Fantasy, Comedy, Family"
44826,Hugo,170000000,185770160,126,6.3309,7.175,7722,2011-11-22,"Adventure, Drama, Family"
44833,Battleship,209000000,303025485,131,9.7012,5.921,6045,2012-04-11,"Thriller, Action, Adventure, Science Fiction"
36643,The World Is Not Enough,135000000,361832400,128,6.9791,6.291,3307,1999-11-17,"Adventure, Action, Thriller"
36648,Blade: Trinity,65000000,128905366,113,9.8539,5.864,4368,2004-12-08,"Action, Horror, Science Fiction"
945961,Alien: Romulus,80000000,350865342,119,19.9644,7.165,4682,2024-08-13,"Horror, Science Fiction"
929590,Civil War,50000000,126542249,109,8.5634,6.9,4411,2024-04-10,"War, Action, Drama"
12094,Jackass Number Two,11000000,72778712,93,6.9549,6.581,1287,2006-09-22,"Action, Comedy, Documentary"
12106,The Quick and the Dead,35000000,47000000,107,6.1886,6.542,1984,1995-02-09,"Western, Action, Drama, Thriller"
12117,Instinct,80000000,34105207,124,7.1757,6.489,660,1999-06-04,"Drama, Thriller"
3933,Corpse Bride,40000000,118133252,77,17.2747,7.593,10285,2005-09-12,"Romance, Fantasy, Animation"
44896,Rango,135000000,245724603,107,11.0907,6.912,7194,2011-03-02,"Animation, Comedy, Family, Western, Adventure"
12139,Dennis the Menace,35000000,117270765,96,6.2939,5.883,1611,1993-06-09,"Family, Comedy"
12153,White Chicks,37000000,113100000,109,24.7546,6.955,4620,2004-06-23,"Comedy, Crime"
12155,Alice in Wonderland,200000000,1025467110,108,14.7765,6.645,14909,2010-03-03,"Family, Fantasy, Adventure"
20352,Despicable Me,69000000,543284256,95,20.4684,7.261,16168,2010-07-08,"Animation, Comedy, Crime, Science Fiction, Family"
12162,The Hurt Locker,15000000,49259766,131,6.3249,7.253,6242,2008-10-10,"Drama, Thriller, War"
438148,Minions: The Rise of Gru,85000000,940203765,87,20.0601,7.3,4061,2022-06-29,"Animation, Comedy, Science Fiction, Crime, Family"
339846,Baywatch,69000000,177900000,116,9.6418,6.081,8553,2017-05-25,"Comedy, Action, Crime"
307081,Southpaw,30000000,91709827,123,9.4341,7.364,5865,2015-07-22,"Action, Drama"
3981,What Women Want,70000000,374100000,127,6.6166,6.455,4434,2000-12-15,"Comedy, Romance"
667538,Transformers: Rise of the Beasts,195000000,441381193,127,17.5576,7.168,5335,2023-06-06,"Science Fiction, Adventure, Action"
446354,The Post,50000000,179769467,116,11.4696,7.005,4954,2017-12-22,"Drama, History"
4011,Beetlejuice,15000000,84554197,92,7.796,7.371,8514,1988-03-30,"Fantasy, Comedy"
823219,Flow,3700000,17660107,85,23.5165,8.074,2932,2024-08-29,"Adventure, Animation, Family, Fantasy"
798645,The Running Man,110000000,69000000,133,25.022,6.768,1751,2025-11-11,"Action, Thriller, Science Fiction"
503736,Army of the Dead,90000000,190700000,148,5.9194,6.195,4464,2021-05-14,"Crime, Action, Horror"
397243,The Autopsy of Jane Doe,4000000,6170043,86,9.5457,6.838,4785,2016-12-21,"Horror, Mystery"
1249213,Drop,11000000,28748727,95,8.2745,6.323,902,2025-04-07,"Mystery, Thriller"
53182,300: Rise of an Empire,110000000,337580051,102,10.4167,6.122,7012,2014-03-05,"Action, Drama, War"
12222,Horton Hears a Who!,85000000,298572799,86,7.9549,6.526,3583,2008-03-03,"Animation, Comedy, Family, Adventure, Fantasy"
12230,One Hundred and One Dalmatians,3600000,303000000,79,7.5745,7.2,6708,1961-01-25,"Adventure, Animation, Comedy, Family"
1167307,David,60900000,85865995,109,17.0604,7.991,168,2025-12-14,"Animation, Family, Drama, History, Adventure"
12244,9,30000000,48428063,79,7.2543,6.958,3938,2009-08-19,"Action, Adventure, Animation, Science Fiction, Thriller"
102362,Dead Man Down,30000000,19600000,118,6.4277,6.161,1569,2013-03-08,"Thriller, Action, Crime, Drama"
1380316,Is God Is,14800000,4857896,100,13.5,5.6,69,2026-05-14,"Drama, Thriller"
454626,Sonic the Hedgehog,85000000,319715683,99,13.493,7.28,10458,2020-02-12,"Action, Science Fiction, Comedy, Family"
20453,3 Idiots,9000000,70000000,171,11.7694,8.006,2758,2009-12-23,"Drama, Comedy"
700391,65,45000000,60730568,92,6.8801,5.946,2891,2023-03-02,"Action, Adventure, Science Fiction"
1413097,Melania,40000000,16661439,105,7.2718,3.7,161,2026-01-30,Documentary
536554,M3GAN,12000000,181796517,102,6.8827,7.0,4891,2022-12-28,"Science Fiction, Horror"
77805,Lovelace,10000000,1585582,92,6.8767,6.021,767,2013-08-08,Drama
454639,Masters of the Universe,200000000,113474410,141,234.7251,7.272,624,2026-06-03,"Action, Fantasy, Science Fiction"
454640,The Angry Birds Movie 2,65000000,137792047,97,13.9815,7.0,1916,2019-08-02,"Animation, Adventure, Comedy, Family"
12279,Spy Kids 3-D: Game Over,38000000,197101678,84,5.6919,5.132,2394,2003-07-25,"Family, Action, Comedy, Adventure, Science Fiction"
339964,Valerian and the City of a Thousand Planets,177200000,225973340,137,8.4022,6.651,8101,2017-07-19,"Adventure, Science Fiction, Action"
4108,The Transporter,21000000,43900000,92,8.8164,6.728,5881,2002-10-02,"Action, Crime, Thriller"
1110034,Kraken,1000000,14329678,94,138.4744,6.4,228,2026-02-06,"Horror, Action, Thriller"
20504,The Book of Eli,80000000,157107755,118,7.3294,6.805,6758,2010-01-14,"Action, Thriller, Science Fiction"
184345,A Haunted House 2,4000000,25343661,87,7.0371,6.195,1610,2014-04-17,"Comedy, Horror"
290859,Terminator: Dark Fate,185000000,261119292,128,9.8079,6.42,5746,2019-10-23,"Science Fiction, Action, Adventure, Thriller"
4141,Shoot 'Em Up,39000000,26800000,86,5.4509,6.512,2130,2007-07-26,"Action, Thriller, Comedy, Crime"
20526,TRON: Legacy,170000000,409912892,126,11.5106,6.544,8017,2010-12-14,"Adventure, Action, Science Fiction"
299054,Expend4bles,100000000,37917985,103,6.7898,6.1,1929,2023-09-15,"Action, Adventure, Thriller"
159824,Hotel Transylvania 2,80000000,473200000,89,11.3329,6.8,6176,2015-09-21,"Animation, Comedy, Family, Fantasy"
36955,True Lies,115000000,378900000,141,7.5221,7.098,4633,1994-07-15,"Action, Thriller"
4192,Death on the Nile,7920000,14560084,140,10.0471,7.144,921,1978-09-29,Mystery
1028196,Nickel Boys,23200000,3016380,140,5.9629,6.632,357,2024-12-13,"Drama, History"
1020006,Priscilla,20000000,30140906,113,5.8608,6.709,1110,2023-10-27,"Drama, Romance"
503919,The Lighthouse,11000000,18262464,109,9.9072,7.467,5621,2019-10-18,"Drama, Fantasy, Thriller"
602223,The Forever Purge,18000000,76994245,103,6.199,6.9,2702,2021-06-30,"Action, Horror, Thriller"
12405,Slumdog Millionaire,15000000,378400000,121,7.5069,7.731,11427,2008-11-12,"Drama, Romance"
94329,The Raid,1100000,9148519,101,6.981,7.408,3934,2012-03-22,"Action, Thriller, Crime"
77950,Turbo,135000000,282570682,96,8.5415,6.277,3726,2013-07-11,"Animation, Family"
340102,The New Mutants,67000000,49169594,94,9.5937,6.067,3748,2020-04-02,"Science Fiction, Horror"
4232,Scream,14000000,173046663,112,12.5529,7.433,8075,1996-12-20,"Crime, Horror, Mystery"
872585,Oppenheimer,100000000,952000000,181,41.9823,8.025,12042,2023-07-19,"Drama, History"
4234,Scream 3,40000000,161838076,116,9.6004,6.009,4110,2000-02-04,"Horror, Mystery"
4233,Scream 2,24000000,172363301,120,6.9663,6.519,4802,1997-12-12,"Horror, Mystery"
12429,Ponyo,34000000,202404009,100,9.4528,7.762,4884,2008-07-19,"Animation, Fantasy, Family"
364689,Ferdinand,111000000,295038508,108,6.0274,7.211,3123,2017-12-09,"Animation, Family, Adventure, Comedy"
495764,Birds of Prey (and the Fantabulous Emancipation of One Harley Quinn),75000000,205537933,109,10.0685,6.87,10881,2020-02-05,"Action, Crime"
4247,Scary Movie,19000000,278023280,88,20.8966,6.423,7967,2000-07-07,Comedy
12444,Harry Potter and the Deathly Hallows: Part 1,250000000,954305868,146,25.4184,7.735,20546,2010-11-17,"Adventure, Fantasy"
12445,Harry Potter and the Deathly Hallows: Part 2,125000000,1341511219,130,25.2955,8.081,22156,2011-07-12,"Adventure, Fantasy"
4257,Scary Movie 4,40000000,178710620,83,10.9102,5.495,3663,2006-04-12,Comedy
258230,A Monster Calls,43000000,47309313,108,5.9237,7.307,3592,2016-10-07,"Fantasy, Adventure, Family"
45243,The Hangover Part II,80000000,586764305,102,9.4518,6.512,11375,2011-05-25,Comedy
348350,Solo: A Star Wars Story,250000000,392952373,135,10.3201,6.556,9355,2018-05-15,"Science Fiction, Adventure, Action"
512195,Red Notice,160000000,178143,118,5.4205,6.731,6505,2021-11-04,"Action, Comedy, Crime"
512200,Jumanji: The Next Level,125000000,801693929,123,13.9192,6.873,9453,2019-12-04,"Adventure, Comedy, Fantasy"
725201,The Gray Man,200000000,454023,128,6.5907,6.918,4329,2022-07-13,"Action, Thriller"
209112,Batman v Superman: Dawn of Justice,250000000,874362803,152,17.3195,6.0,19141,2016-03-23,"Action, Adventure, Fantasy"
479455,Men in Black: International,110000000,253890701,115,8.0644,5.891,5412,2019-06-12,"Comedy, Science Fiction, Action, Adventure"
135397,Jurassic World,150000000,1671537444,124,18.2839,6.703,21708,2015-06-06,"Adventure, Science Fiction, Thriller"
4327,Charlie's Angels,92000000,264105545,98,11.4554,5.9,4554,2000-11-02,"Action, Comedy, Adventure"
315635,Spider-Man: Homecoming,175000000,880978185,133,34.7067,7.331,23358,2017-07-05,"Action, Adventure, Science Fiction"
102651,Maleficent,180000000,758539785,97,13.4411,7.088,13806,2014-05-28,"Fantasy, Adventure, Action, Family, Romance"
4347,Atonement,30000000,131016624,123,8.8014,7.633,4748,2007-02-27,"Drama, Romance"
4349,The Kingdom,70000000,86658558,110,7.9348,6.739,1848,2007-08-22,"Thriller, Action, Drama"
397567,Along with the Gods: The Two Worlds,18300000,125983972,139,6.9794,8.0,1205,2017-12-20,"Action, Adventure, Drama, Fantasy, Thriller"
385128,F9,200000000,726229501,143,6.8957,6.994,7768,2021-05-19,"Action, Adventure, Crime"
37135,Tarzan,130000000,448200000,88,9.5435,7.409,7397,1999-06-17,"Animation, Family, Adventure"
37136,The Naked Gun: From the Files of Police Squad!,12000000,152356177,86,7.3843,7.286,4566,1988-12-02,"Comedy, Crime"
1011985,Kung Fu Panda 4,80000000,548040835,94,19.1448,7.004,3594,2024-03-02,"Action, Adventure, Animation, Comedy, Family, Fantasy"
37165,The Truman Show,60000000,264118712,103,18.8784,8.155,20469,1998-06-04,"Comedy, Drama"
1233208,Santosh,2500000,1097812,128,6.1567,7.023,86,2024-07-17,"Thriller, Crime, Drama"
1339713,Obsession,750000,443373265,109,458.8216,8.246,3520,2026-05-13,"Horror, Thriller"
168259,Furious 7,190000000,1515400000,138,11.8694,7.218,11372,2015-04-01,"Action, Crime, Thriller"
4437,2010,28000000,40400000,116,7.1263,6.7,1083,1984-12-06,"Thriller, Science Fiction"
4442,The Brothers Grimm,88000000,105300000,118,10.7009,5.864,2999,2005-08-26,"Adventure, Fantasy, Action, Comedy, Thriller"
1241436,Warfare,20000000,34902602,95,12.6957,7.083,1520,2025-04-09,"War, Action"
61791,Rise of the Planet of the Apes,93000000,481800873,105,11.925,7.346,12862,2011-08-03,"Thriller, Action, Drama, Science Fiction"
438631,Dune,165000000,410668500,155,36.8046,7.783,15146,2021-09-15,"Science Fiction, Adventure"
4476,Legends of the Fall,30000000,160638883,133,7.2155,7.396,2890,1994-12-23,"Drama, Western, Romance, War"
4478,Indecent Proposal,38000000,266614059,117,5.5018,6.411,1640,1993-04-07,"Romance, Drama"
37247,The Graduate,3000000,104945305,107,6.3527,7.63,3720,1967-12-21,"Drama, Romance, Comedy"
201088,Blackhat,70000000,17752940,133,5.9231,5.521,2201,2015-01-13,"Crime, Thriller, Action"
1175942,The Bad Guys 2,80000000,239676236,104,44.7504,7.634,829,2025-07-24,"Family, Comedy, Crime, Adventure, Animation"
1159559,Scream 7,45000000,207999405,114,22.3181,6.2,1166,2026-02-25,"Horror, Mystery, Crime"
4488,Friday the 13th,550000,39925100,95,8.627,6.402,3389,1980-05-09,Horror
37257,Witness for the Prosecution,3000000,9000000,116,9.8234,8.206,1727,1957-12-17,"Drama, Mystery, Crime"
151960,Planes,50000000,219788712,91,6.1271,5.939,1848,2013-08-09,"Animation, Family, Adventure, Comedy"
4513,30 Days of Night,30000000,80276156,113,6.1748,6.439,3107,2007-10-17,"Horror, Thriller"
4515,Lions for Lambs,35000000,64811540,92,5.9118,6.013,839,2007-10-22,"Action, Adventure, Drama, History"
635302,Demon Slayer -Kimetsu no Yaiba- The Movie: Mugen Train,15700000,523542183,117,11.9222,8.223,4584,2020-10-16,"Animation, Action, Fantasy"
274855,Geostorm,120000000,221600160,109,8.0211,6.123,5238,2017-10-12,"Action, Science Fiction, Thriller"
274857,King Arthur: Legend of the Sword,175000000,149175066,126,11.1724,6.558,6105,2017-05-10,"Action, Drama, Fantasy"
4523,Enchanted,85000000,340487652,107,6.6524,6.846,5756,2007-11-20,"Comedy, Family, Fantasy, Romance"
446893,Trolls World Tour,90000000,49276818,91,11.8445,7.234,2290,2020-03-11,"Family, Animation, Comedy, Fantasy, Adventure, Music"
274862,The Lego Ninjago Movie,70000000,123081555,101,7.0379,6.497,1185,2017-09-21,"Action, Adventure, Animation, Comedy, Family"
274870,Passengers,110000000,303144152,116,7.1905,7.0,14330,2016-12-21,"Drama, Romance, Science Fiction"
258489,The Legend of Tarzan,180000000,356743061,109,8.6059,5.922,6557,2016-06-29,"Fantasy, Action, Adventure"
4552,A Tale of Two Sisters,15100000,1100000,115,5.9248,7.096,1363,2003-06-13,"Drama, Horror, Mystery"
4553,The Machinist,5000000,8203235,102,5.2009,7.523,6220,2004-09-24,"Thriller, Drama"
258509,Alvin and the Chipmunks: The Road Chip,90000000,233755553,92,6.2726,6.033,1779,2015-12-17,"Family, Comedy, Music, Adventure, Animation"
1266127,Ready or Not: Here I Come,14000000,42212563,108,25.4474,7.611,1344,2026-03-19,"Thriller, Horror, Comedy"
4564,Sex and the City,65000000,418800000,146,7.7157,6.545,2284,2008-05-12,"Comedy, Drama, Romance"
479718,The Outlaws,5900000,52946454,121,6.9212,7.646,550,2017-10-03,"Action, Crime, Thriller"
1012201,HAIKYU!! The Dumpster Battle,5000000,100255784,84,5.0247,7.781,260,2024-02-16,"Animation, Comedy"
4588,"Lust, Caution",15000000,67100000,158,13.0235,7.273,816,2007-09-24,"Action, Drama, Romance, Thriller"
102899,Ant-Man,130000000,519311965,117,16.876,7.067,20990,2015-07-14,"Science Fiction, Adventure, Action"
1233413,Sinners,100000000,371368759,138,30.2149,7.5,4835,2025-04-16,"Horror, Action, Thriller"
4614,The Sum of All Fears,68000000,193921372,124,7.2143,6.371,1982,2002-05-31,"Thriller, Action, Drama"
397837,Before I Fall,5000000,16373843,98,6.4421,6.968,3555,2017-03-02,"Drama, Fantasy"
299534,Avengers: Endgame,356000000,2799439100,181,33.9866,8.238,28079,2019-04-24,"Adventure, Science Fiction, Action"
299536,Avengers: Infinity War,300000000,2052415039,149,44.7468,8.239,32334,2018-04-25,"Adventure, Action, Science Fiction"
299537,Captain Marvel,152000000,1131416446,124,16.1124,6.779,16874,2019-03-06,"Action, Adventure, Science Fiction"
70160,The Hunger Games,75000000,694000000,142,10.2569,7.224,23450,2012-03-12,"Science Fiction, Adventure, Action, Thriller"
4638,Hot Fuzz,12000000,80600000,121,7.7419,7.568,8432,2007-02-14,"Crime, Action, Comedy"
455207,Crazy Rich Asians,30000000,238539198,121,6.6185,7.052,3986,2018-08-15,"Comedy, Romance"
520763,A Quiet Place Part II,55000000,297372261,97,10.9501,7.431,7492,2021-05-21,"Science Fiction, Thriller, Horror"
1430077,Hokum,5000000,24071317,108,30.1559,6.9,577,2026-04-29,Horror
1290821,Shelter,50000000,53933639,107,69.4792,7.767,1545,2026-01-28,"Action, Crime, Thriller"
111190,Adoration,16000000,1600000,100,8.0474,6.107,1041,2013-04-03,Drama
1061474,Superman,225000000,618723803,130,32.1029,7.329,5092,2025-07-09,"Science Fiction, Adventure, Action"
266856,The Theory of Everything,15000000,123726688,123,6.6523,7.828,11180,2014-11-07,"Drama, Romance"
496243,Parasite,11363000,257591776,133,35.4478,8.491,20909,2019-05-30,"Comedy, Thriller, Drama"
365177,Borderlands,115000000,33017367,101,10.703,5.57,1525,2024-08-07,"Action, Science Fiction, Comedy"
316029,The Greatest Showman,84000000,459066134,105,10.3241,7.857,10120,2017-12-20,Drama
840326,Sisu,6600000,14281199,91,7.1767,7.404,2887,2022-09-09,"Action, War, Thriller"
799379,Project Wolf Hunting,9000000,20541,122,7.2547,6.4,443,2022-09-21,"Action, Thriller, Horror, Crime"
1159831,The Bride!,80000000,23944025,127,10.6271,6.127,583,2026-03-04,"Science Fiction, Horror, Fantasy"
660120,The Worst Person in the World,5000000,12687507,128,8.1041,7.426,1888,2021-10-13,"Drama, Romance, Comedy"
119450,Dawn of the Planet of the Apes,170000000,710644566,130,14.7442,7.34,12324,2014-07-08,"Science Fiction, Action, Drama, Thriller"
848538,Argylle,200000000,96221061,139,6.2375,5.979,1780,2024-01-31,"Action, Adventure, Comedy"
299687,The 5th Wave,38000000,109906372,112,6.5024,5.937,6076,2016-01-14,"Science Fiction, Adventure, Action"
250546,Annabelle,6500000,257589952,99,10.0648,5.79,6589,2014-10-01,Horror
414419,Kill Bill: The Whole Bloody Affair,60000000,12338649,254,14.5972,8.1,1349,2011-03-27,"Action, Crime"
21208,Orphan,20000000,77912251,123,6.3456,6.991,5685,2009-07-24,"Horror, Thriller"
168672,American Hustle,40000000,251171807,138,6.8671,6.856,7803,2013-12-03,"Drama, Crime"
62177,Brave,185000000,538983207,93,17.3956,7.033,14285,2012-06-21,"Adventure, Animation, Family, Fantasy"
283366,Miss Peregrine's Home for Peculiar Children,110000000,296482446,127,10.4966,6.84,10537,2016-09-28,"Adventure, Fantasy"
930564,Saltburn,20000000,21013738,131,11.7959,6.95,3006,2023-11-16,"Drama, Comedy, Thriller"
62213,Dark Shadows,150000000,245527149,113,9.4286,6.104,7655,2012-05-09,"Comedy, Fantasy"
840464,Greenland 2: Migration,90000000,44856736,98,40.3412,6.447,1359,2026-01-07,"Adventure, Thriller, Science Fiction"
1422096,Good Boy,70000,8844724,73,7.6065,6.6,661,2025-10-01,Horror
381719,Peter Rabbit,50000000,351266433,93,6.8982,6.699,1945,2018-02-07,"Animation, Adventure, Family"
447273,Snow White,271600000,205679463,109,18.7454,4.286,1685,2025-03-19,"Family, Fantasy"
1340206,Tuner,7000000,10866039,108,19.4043,7.152,191,2026-05-21,"Crime, Drama, Thriller"
86834,Noah,125000000,362600000,138,5.8843,5.677,6652,2014-03-07,"Drama, Adventure"
529203,The Croods: A New Age,65000000,215905815,95,9.5256,7.439,4177,2020-11-25,"Animation, Family, Adventure, Fantasy, Comedy"
4922,The Curious Case of Benjamin Button,150000000,335802786,166,11.283,7.601,13843,2008-12-25,"Drama, Fantasy, Romance"
496450,"Miraculous: Ladybug & Cat Noir, The Movie",86000000,40208268,105,8.7063,7.603,968,2023-07-05,"Animation, Fantasy, Action, Romance, Family"
521029,Annabelle Comes Home,27000000,231252591,106,6.4025,6.408,3879,2019-06-26,Horror
4935,Howl's Moving Castle,24000000,236049757,119,20.4296,8.389,11221,2004-09-09,"Fantasy, Animation, Adventure"
545611,Everything Everywhere All at Once,25000000,139200000,140,22.4167,7.716,8148,2022-03-24,"Action, Adventure, Science Fiction"
594767,Shazam! Fury of the Gods,110000000,134221819,130,8.6303,6.414,3690,2023-03-15,"Comedy, Action, Fantasy"
4951,10 Things I Hate About You,16000000,53478166,97,14.4062,7.597,9020,1999-03-30,"Comedy, Romance, Drama"
799583,The Ministry of Ungentlemanly Warfare,60000000,29768915,120,11.3523,7.01,1947,2024-04-18,"Action, Comedy, War"
1225572,Screamboat,2000000,393011,102,6.4602,5.083,139,2025-03-20,"Horror, Comedy"
4964,Knocked Up,30000000,219900000,129,5.9456,6.305,4340,2007-06-01,"Comedy, Romance, Drama"
37735,Easy A,8000000,75026327,93,7.1759,6.803,7434,2010-09-16,Comedy
4977,Paprika,2600000,946590,90,8.3113,7.815,2917,2006-10-01,"Animation, Science Fiction, Thriller"
1241982,Moana 2,150000000,1059242164,100,49.2687,6.995,3168,2024-11-21,"Adventure, Animation, Comedy, Family, Fantasy"
13183,Watchmen,130000000,185258983,163,7.4502,7.355,10095,2009-03-04,"Mystery, Action, Science Fiction"
4995,Boogie Nights,15000000,43101594,156,6.7807,7.637,3614,1997-10-07,"Drama, Comedy"
447365,Guardians of the Galaxy Vol. 3,250000000,845550000,150,23.133,7.932,8514,2023-05-03,"Science Fiction, Adventure, Action"
889737,Joker: Folie à Deux,190000000,207500287,138,8.4858,5.406,2972,2024-10-01,"Drama, Crime, Thriller"
693134,Dune: Part Two,190000000,714844358,167,30.7358,8.129,8217,2024-02-27,"Science Fiction, Adventure"
242582,Nightcrawler,8500000,47425835,118,14.0184,7.709,11836,2014-10-23,"Crime, Drama, Thriller"
13207,Friday the 13th,19000000,91509154,97,8.8009,5.775,2892,2009-02-11,"Horror, Thriller"
1242011,Together,17000000,34747399,102,11.4687,6.914,1235,2025-07-14,"Horror, Romance"
390043,The Hitman's Bodyguard,30000000,176586701,118,7.1792,6.895,6722,2017-08-16,"Action, Comedy, Crime, Thriller"
37799,The Social Network,40000000,224920315,121,10.3948,7.375,13281,2010-10-01,Drama
447404,Pokémon Detective Pikachu,150000000,450063166,105,9.862,6.904,7405,2019-05-03,"Action, Adventure, Fantasy"
1315772,Minions & Monsters,85000000,363645130,90,374.0304,6.408,217,2026-06-24,"Adventure, Animation, Comedy, Family, Fantasy"
324544,In the Lost Lands,55000000,4755330,101,7.2653,6.4,842,2025-02-27,"Action, Fantasy, Western"
324552,John Wick: Chapter 2,40000000,171539887,122,12.7757,7.342,14395,2017-02-08,"Action, Thriller, Crime"
37834,Knight and Day,117000000,261989769,109,7.1753,6.232,4947,2010-06-15,"Action, Comedy"
701387,Bugonia,55000000,43500000,119,18.0343,7.307,2136,2025-10-23,"Science Fiction, Thriller, Comedy"
291805,Now You See Me 2,120000000,334897606,129,11.6977,6.826,11670,2016-06-02,"Crime, Thriller"
1455079,"You, Me & Tuscany",18000000,21739390,105,5.286,7.423,98,2026-04-09,"Romance, Comedy"
21484,Possession,2400000,1200000,124,7.9468,7.319,1360,1981-05-27,Horror
840705,Blink Twice,20000000,46393906,103,9.3895,6.677,1960,2024-08-21,"Mystery, Thriller"
13333,Game of Death,850000,50000000,101,5.3813,6.396,744,1978-03-23,"Drama, Action, Thriller"
341013,Atomic Blonde,30000000,100014025,115,6.9279,6.436,6683,2017-07-26,"Action, Thriller"
1102883,Mother Mary,20000000,2980376,112,8.1432,5.574,101,2026-04-16,"Music, Drama, Thriller"
406563,Insidious: The Last Key,10000000,172811971,103,7.5783,6.262,3182,2018-01-03,"Horror, Thriller"
5174,Rush Hour 3,140000000,258097122,90,6.0117,6.502,3769,2007-08-08,"Action, Comedy, Crime"
5175,Rush Hour 2,90000000,347325802,90,8.227,6.775,4663,2001-08-03,"Action, Comedy, Crime"
5176,3:10 to Yuma,55000000,70000000,122,6.9064,7.23,4081,2007-09-06,Western
324668,Jason Bourne,120000000,415484914,123,7.2609,6.382,6265,2016-07-27,"Action, Adventure, Thriller"
37958,Immortals,75000000,226904017,110,6.8099,6.052,2843,2011-11-10,"Fantasy, Action, Drama"
1291335,Solo Mio,4000000,26400616,96,12.0866,7.444,215,2026-02-05,"Romance, Comedy"
13387,Transporter 3,30000000,109000000,104,6.5455,6.2,3705,2008-11-26,"Action, Thriller, Crime"
586863,Les Misérables,2500000,54606372,104,8.6041,7.569,1614,2019-11-14,"Crime, Drama, Thriller"
46195,Rio,90000000,483866772,96,9.5341,6.767,7234,2011-04-03,"Animation, Adventure, Comedy, Family"
5255,The Polar Express,165000000,318432432,100,7.6197,6.722,6938,2004-11-10,"Adventure, Animation, Family, Fantasy"
1184918,The Wild Robot,78000000,331982078,102,35.3571,8.313,6305,2024-09-12,"Family, Animation, Science Fiction, Adventure"
1242265,Fuze,45000000,2890908,96,17.1104,6.511,177,2026-03-23,"Action, Crime, Drama, Thriller"
480414,The Curse of La Llorona,9000000,123233739,93,6.8073,5.651,2693,2019-04-17,Horror
13475,Star Trek,150000000,386839614,127,12.0285,7.436,10578,2009-05-06,"Science Fiction, Action, Adventure"
38055,Megamind,130000000,321885765,96,9.14,7.034,7554,2010-10-28,"Animation, Action, Comedy, Family, Science Fiction"
1160360,If I Had Legs I'd Kick You,1500000,1709642,113,6.2737,6.329,368,2025-10-10,Drama
324786,Hacksaw Ridge,40000000,175302354,139,24.5217,8.192,15016,2016-10-07,"Drama, History, War"
464052,Wonder Woman 1984,200000000,169601036,151,10.5298,6.4,9132,2020-12-16,"Action, Adventure, Fantasy"
341174,Fifty Shades Darker,55000000,381545846,118,7.815,6.474,7976,2017-02-08,"Drama, Romance"
414906,The Batman,185000000,772775278,177,31.4258,7.665,12162,2022-03-01,"Crime, Mystery, Thriller"
505026,Death on the Nile,90000000,137307235,127,23.4274,6.412,4260,2022-02-09,"Mystery, Crime, Thriller"
423108,The Conjuring: The Devil Made Me Do It,39000000,206444123,111,14.5585,7.346,6609,2021-05-25,"Horror, Mystery, Thriller"
619730,Don't Worry Darling,35000000,86700000,123,6.3345,6.762,2995,2022-09-21,"Mystery, Thriller, Science Fiction"
1119449,"Good Luck, Have Fun, Don't Die",20000000,9755038,134,18.7309,7.057,743,2026-02-13,"Science Fiction, Action, Comedy"
1242332,Normal,10000000,6068324,91,29.3115,7.1,369,2026-04-16,"Action, Crime, Thriller"
193756,Lone Survivor,40000000,149295601,121,7.3036,7.43,4805,2013-12-24,"War, Action, Drama"
136418,Hummingbird,20000000,8352885,100,6.0822,6.167,1892,2013-05-07,"Action, Thriller"
939243,Sonic the Hedgehog 3,122000000,492162604,110,20.3863,7.611,3358,2024-12-19,"Action, Science Fiction, Comedy, Family"
103663,The Hunt,3800000,18300000,116,8.6798,8.094,4845,2012-10-25,Drama
324849,The Lego Batman Movie,80000000,311950384,104,8.7948,7.253,5479,2017-02-08,"Animation, Action, Comedy, Family"
259316,Fantastic Beasts and Where to Find Them,180000000,809342332,133,15.882,7.309,19803,2016-11-16,"Fantasy, Adventure"
324857,Spider-Man: Into the Spider-Verse,90000000,394884133,117,32.5457,8.393,17451,2018-12-06,"Animation, Action, Adventure, Science Fiction"
1316092,"""Wuthering Heights""",80000000,241601072,136,27.4333,6.665,1203,2026-02-11,"Romance, Drama"
480530,Creed II,50000000,214200000,130,8.47,7.036,5841,2018-11-21,"Drama, Action"
619803,The Roundup,7600000,101166707,106,6.1066,7.343,444,2022-05-18,"Action, Crime, Thriller, Adventure"
13597,Labyrinth,25000000,12729917,101,7.0213,7.289,2781,1986-06-27,"Adventure, Family, Fantasy"
423204,Angel Has Fallen,40000000,146661977,122,8.0171,6.604,3922,2019-08-21,"Action, Thriller"
570670,The Invisible Man,7000000,144492724,124,7.3947,7.09,6345,2020-02-26,"Thriller, Science Fiction, Horror"
308531,Teenage Mutant Ninja Turtles: Out of the Shadows,135000000,245623848,112,6.6815,6.061,3835,2016-05-30,"Action, Adventure, Comedy, Family, Science Fiction"
316727,The Purge: Election Year,10000000,118587880,109,6.3148,6.38,5534,2016-06-29,"Action, Horror, Thriller"
537915,After,14000000,69497587,106,11.5603,7.104,8543,2019-04-11,"Drama, Romance"
677179,Creed III,75000000,275300000,116,8.1892,7.088,2913,2023-03-01,"Drama, Action"
1242434,Highest 2 Lowest,25000000,1500000,133,6.4798,5.5,496,2025-08-14,"Thriller, Crime, Drama"
70981,Prometheus,130000000,403354469,124,15.2257,6.601,13372,2012-05-30,"Science Fiction, Mystery, Horror"
1078605,Weapons,38000000,269972492,129,20.9719,7.257,3635,2025-08-04,"Horror, Mystery"
1291608,Dhurandhar,24000000,136599112,214,10.9217,7.282,326,2025-12-05,"Action, Crime, Thriller"
38234,Undisputed III: Redemption,3000000,76500000,96,6.9922,7.6,1048,2010-04-17,"Action, Thriller, Crime, Drama"
283995,Guardians of the Galaxy Vol. 2,200000000,863756051,137,22.1371,7.61,23089,2017-04-25,"Science Fiction, Adventure, Action"
193893,Let's Be Cops,17000000,136600000,104,6.022,6.468,3000,2014-08-13,Comedy
62835,Colombiana,40000000,71508440,108,9.7434,6.647,2902,2011-07-27,"Action, Thriller, Crime, Drama"
95610,Bridget Jones's Baby,35000000,211952420,123,7.0774,6.404,3104,2016-09-14,"Drama, Comedy, Romance"
87421,Riddick,38000000,98337295,119,7.2535,6.345,4456,2013-09-02,"Science Fiction, Action, Thriller"
5503,The Fugitive,44000000,353808222,131,7.4736,7.483,4845,1993-08-06,"Action, Thriller, Drama"
472451,Boy Erased,15000000,7900000,115,8.0703,6.978,1500,2018-09-24,Drama
87428,That's My Boy,70000000,57719093,116,6.9051,5.803,2165,2012-06-14,Comedy
13700,Home on the Range,110000000,145358062,76,5.3667,6.068,2185,2004-04-02,"Animation, Family"
284053,Thor: Ragnarok,180000000,855301806,131,21.0744,7.582,22168,2017-10-02,"Action, Science Fiction, Comedy"
284054,Black Panther,200000000,1349926083,135,21.2187,7.364,23639,2018-02-13,"Action, Adventure, Science Fiction"
5528,The Chorus,5300000,83600000,97,7.2596,7.741,2629,2004-03-17,"Drama, Comedy, Music"
800158,The Killer,175000000,362113,118,8.1252,6.576,2879,2023-10-25,"Crime, Thriller"
177572,Big Hero 6,165000000,657870525,102,29.2274,7.726,16708,2014-10-24,"Adventure, Family, Animation, Action, Comedy"
38321,Priest,60000000,84154026,87,5.9212,5.887,2567,2011-05-05,"Action, Fantasy, Horror"
5559,Bee Movie,150000000,287594577,91,9.0727,6.047,5335,2007-10-28,"Family, Animation, Adventure, Comedy"
406990,What Happened to Monday,20000000,27975429,123,11.0991,7.144,6479,2017-08-18,"Science Fiction, Thriller, Mystery, Action"
87502,Flight,31000000,161772575,138,5.9305,6.864,6496,2012-02-22,Drama
931285,Mortal Kombat II,80000000,129470110,116,120.1345,7.978,2074,2026-05-06,"Action, Fantasy, Adventure"
406997,Wonder,20000000,315025930,113,16.5346,8.104,8305,2017-11-13,"Family, Drama"
87516,Oldboy,30000000,5200000,104,6.3105,5.938,2158,2013-11-14,"Thriller, Mystery"
38365,Grown Ups,80000000,271457606,102,17.9418,6.429,6768,2010-06-24,Comedy
398818,Call Me by Your Name,3500000,43143046,132,17.7528,8.1,12831,2017-10-01,"Romance, Drama"
980477,Ne Zha 2,80000000,2259822417,144,22.7671,8.1,766,2025-01-29,"Animation, Action, Fantasy, Adventure"
177677,Mission: Impossible - Rogue Nation,150000000,682716636,131,10.3095,7.226,9793,2015-07-28,"Action, Adventure"
333339,Ready Player One,175000000,607274134,140,16.052,7.589,17099,2018-03-28,"Adventure, Action, Science Fiction"
1193501,Whistle,2000000,4987632,100,17.0148,6.368,591,2026-01-20,"Horror, Mystery"
603692,John Wick: Chapter 4,100000000,447316405,170,18.5606,7.7,8088,2023-03-21,"Action, Thriller, Crime"
5689,The Blue Lagoon,4500000,58853106,104,7.1509,6.14,2048,1980-07-05,"Adventure, Drama, Romance"
431693,Spies in Disguise,100000000,171616764,102,8.7656,7.546,3010,2019-12-04,"Animation, Action, Adventure, Comedy, Family"
292431,Love,3000000,249083,134,7.5788,6.454,2687,2015-07-15,"Drama, Romance"
267860,London Has Fallen,60000000,205754447,99,6.5088,6.224,5146,2016-03-02,"Action, Thriller"
5721,Vixen!,73000,8000000,72,54.1242,5.529,105,1968-10-15,Drama
1259102,Eternity,12000000,32867848,114,11.257,7.086,739,2025-11-10,"Romance, Comedy, Drama"
136799,Trolls,125000000,347337803,92,8.7681,6.624,3851,2016-10-13,"Adventure, Animation, Comedy, Family, Fantasy, Music"
259693,The Conjuring 2,40000000,322819915,134,20.0279,7.294,9277,2016-06-08,Horror
448119,Dolittle,175000000,251410631,101,6.8556,6.578,3913,2020-01-02,"Family, Comedy, Fantasy, Adventure"
300668,Annihilation,40000000,43070915,115,8.1981,6.445,9451,2018-02-22,"Science Fiction, Horror"
300669,Don't Breathe,9900000,158906350,89,6.7425,7.013,8039,2016-06-08,"Horror, Thriller, Crime"
300671,13 Hours: The Secret Soldiers of Benghazi,50000000,69411370,144,8.6536,7.276,3994,2016-01-14,"War, History, Drama"
398978,The Irishman,159000000,968853,209,8.8056,7.576,7584,2019-11-01,"Crime, Drama, History"
120467,The Grand Budapest Hotel,30000000,174600318,100,16.3005,8.026,16244,2014-02-26,"Comedy, Drama"
267935,The BFG,140000000,195243411,117,7.3064,6.289,3658,2016-06-01,"Adventure, Family, Fantasy"
14001,Dead Silence,20000000,22382047,89,8.2561,6.451,2469,2007-03-16,Horror
1480387,undertone,500000,21610797,94,17.7952,6.168,368,2026-03-12,"Horror, Mystery"
1087192,How to Train Your Dragon,150000000,636351148,125,25.1246,7.933,2969,2025-06-06,"Fantasy, Family, Action, Adventure"
947938,Dolphin Boy,4000000,2613252,90,5.4633,6.3,84,2022-04-07,"Animation, Adventure, Fantasy, Comedy"
145135,Dark Skies,3500000,27858103,97,6.3333,6.356,1979,2013-02-21,"Science Fiction, Thriller, Horror"
792307,Poor Things,35000000,117607117,141,12.3103,7.638,5578,2023-12-07,"Science Fiction, Romance, Comedy"
5876,The Mist,18000000,57470220,126,8.7522,6.948,5931,2007-11-21,"Horror, Science Fiction, Thriller"
546554,Knives Out,40000000,312897920,131,13.4641,7.841,14194,2019-11-27,"Comedy, Crime, Mystery"
87818,Movie 43,6000000,32443111,98,6.0752,4.664,2528,2013-01-24,Comedy
1242898,Predator: Badlands,105000000,184500000,107,38.7031,7.823,3343,2025-11-05,"Action, Science Fiction, Adventure"
87827,Life of Pi,120000000,609016565,127,10.655,7.411,13857,2012-11-20,"Adventure, Drama"
5915,Into the Wild,15000000,56255142,148,6.289,7.794,10215,2007-09-21,"Adventure, Drama"
30497,The Texas Chain Saw Massacre,140000,30922680,83,8.3419,7.289,3864,1974-10-11,Horror
5925,The Great Escape,4000000,11700000,173,5.993,7.928,2879,1963-07-03,"Adventure, Drama, War"
505642,Black Panther: Wakanda Forever,250000000,859102154,162,19.9773,7.0,7570,2022-11-09,"Action, Adventure, Science Fiction"
1234731,Anaconda,45000000,135148320,100,17.211,5.853,1289,2025-12-24,"Adventure, Comedy, Horror"
38700,Bad Boys for Life,90000000,426505244,124,8.1137,7.113,8803,2020-01-15,"Thriller, Action, Crime"
1079091,It Ends with Us,55000000,351441044,131,7.5751,6.952,1991,2024-08-07,"Drama, Romance"
481084,The Addams Family,40000000,204394183,87,13.5155,6.599,2510,2019-10-10,"Family, Animation, Comedy, Fantasy"
1062722,Frankenstein,120000000,480678,150,21.2091,7.624,3613,2025-10-17,"Drama, Fantasy, Horror"
1111873,Abigail,28000000,43015969,109,6.9838,6.658,2129,2024-04-16,"Horror, Thriller, Comedy"
530254,The Witch: Part 1. The Subversion,5500000,24340302,126,6.8393,7.919,768,2018-06-27,"Action, Science Fiction"
63311,The Skin I Live In,13000000,33750478,120,6.9641,7.484,4668,2011-08-17,"Drama, Horror, Mystery, Thriller"
1226578,Longlegs,10000000,127961936,101,8.499,6.518,2750,2024-07-10,"Crime, Horror, Mystery"
227159,Horrible Bosses 2,42000000,107645357,108,5.3633,6.179,4427,2014-11-12,Comedy
440161,The Sisters Brothers,38000000,13143056,121,8.5504,6.831,2101,2018-09-19,"Western, Drama, Comedy"
38757,Tangled,260000000,592461732,100,18.5714,7.613,12504,2010-11-24,"Animation, Family, Adventure"
661374,Glass Onion: A Knives Out Mystery,40000000,15000000,140,10.7939,7.028,6950,2022-11-23,"Comedy, Crime, Mystery"
71552,American Reunion,50000000,234989584,114,8.0852,6.313,4747,2012-04-04,Comedy
1275779,Disclosure Day,115000000,235046831,146,631.5367,7.119,1302,2026-06-10,"Science Fiction, Thriller"
1234821,Jurassic World Rebirth,180000000,869146189,134,55.7959,6.277,3549,2025-06-23,"Science Fiction, Adventure, Action"
137094,Jack Ryan: Shadow Recruit,60000000,135500000,105,6.6112,6.128,3125,2014-01-15,"Action, Drama, Thriller"
882569,Guy Ritchie's The Covenant,55000000,21948551,123,7.8664,7.7,3243,2023-04-19,"War, Action, Thriller"
137106,The Lego Movie,60000000,470759687,100,12.5752,7.431,8568,2014-02-06,"Animation, Family, Adventure, Comedy, Fantasy"
1062807,SPY x FAMILY CODE: White,5000000,59629242,110,5.0281,7.183,658,2023-12-22,"Animation, Comedy, Adventure, Action"
137116,Smurfs: The Lost Village,60000000,197183546,89,7.0558,6.361,1573,2017-03-23,"Family, Comedy, Adventure, Animation"
858017,I Saw the TV Glow,10000000,5407916,100,6.7362,6.152,736,2024-05-03,"Horror, Drama"
858024,Hamnet,30000000,107756183,125,21.0076,7.721,1462,2025-11-26,"Drama, Romance"
153518,The Angry Birds Movie,73000000,349779543,97,13.421,6.3,4068,2016-05-11,"Animation, Adventure, Comedy, Family"
604079,The Long Walk,20000000,63103084,108,17.4237,6.873,1704,2025-09-10,"Science Fiction, Thriller, Horror"
522162,Midway,100000000,127400000,138,6.1497,7.099,2750,2019-11-06,"War, History, Drama"
374720,Dunkirk,150000000,549136737,107,16.0609,7.45,17704,2017-07-19,"War, Action, Drama"
718789,Lightyear,200000000,226425420,105,9.7499,6.867,3867,2022-06-15,"Animation, Science Fiction, Family, Adventure"
6114,Bram Stoker's Dracula,40000000,215862692,128,8.7029,7.45,5826,1992-11-13,"Romance, Horror"
317442,The Last: Naruto the Movie,750000,19840000,114,7.206,7.473,2405,2014-12-06,"Action, Romance, Animation"
55301,Alvin and the Chipmunks: Chipwrecked,75000000,342695435,87,6.6227,5.707,2373,2011-12-14,"Comedy, Fantasy, Family, Music, Animation"
923667,Twilight of the Warriors: Walled In,38400000,95399186,126,5.4649,7.012,456,2024-05-01,"Action, Crime, Thriller"
1284120,The Ugly Stepsister,4250000,5325096,109,9.8115,7.302,1239,2025-03-07,"Horror, Comedy, Drama"
587807,Tom & Jerry,50000000,136536687,101,7.2684,6.7,2590,2021-02-10,"Comedy, Family, Animation"
497698,Black Widow,200000000,379751131,134,17.2664,7.162,11359,2021-07-07,"Action, Adventure, Science Fiction"
653346,Kingdom of the Planet of the Apes,160000000,397378150,145,15.9764,7.056,4341,2024-05-08,"Science Fiction, Adventure, Action"
661539,A Complete Unknown,65000000,140508652,141,11.3188,7.067,1488,2024-12-25,"Drama, Music"
456740,Hellboy,50000000,55065289,121,7.3088,5.577,3745,2019-04-10,"Fantasy, Horror, Action, Adventure"
399402,Hunter Killer,40000000,31672678,121,6.5657,6.911,2436,2018-10-19,"Action, Thriller"
399404,Darkest Hour,30000000,150847207,125,7.3626,7.355,5559,2017-11-22,"Drama, History"
1038392,The Conjuring: Last Rites,55000000,499256445,136,23.989,6.953,1988,2025-09-03,Horror
14411,Sinbad: Legend of the Seven Seas,60000000,80767884,86,6.1879,7.054,2248,2003-07-02,"Action, Adventure, Animation, Family, Fantasy"
718930,Bullet Train,90000000,239268602,126,13.3012,7.411,7678,2022-08-03,"Action, Comedy, Thriller"
1013850,A Real Pain,3000000,24856027,90,5.3489,6.778,1442,2024-11-01,"Comedy, Drama"
866398,The Beekeeper,35000000,162619535,106,12.4638,7.278,4361,2024-01-08,"Action, Crime, Thriller"
194662,Birdman or (The Unexpected Virtue of Ignorance),18000000,103215094,120,9.8561,7.439,13661,2014-10-17,"Drama, Comedy"
1226863,The Super Mario Galaxy Movie,110000000,1009214136,98,107.9632,8.253,3179,2026-04-01,"Family, Comedy, Adventure, Fantasy, Animation"
1071215,Thanksgiving,15000000,46553280,106,5.9636,6.47,1615,2023-11-16,"Horror, Mystery"
6278,Reign of Fire,60000000,82150183,101,5.9572,6.211,2487,2002-07-09,"Adventure, Action, Fantasy"
1054867,One Battle After Another,175000000,209377100,162,22.935,7.341,3940,2025-09-23,"Thriller, Crime, Comedy"
440471,Escape Plan 2: Hades,20000000,17592626,93,7.5921,5.157,1574,2018-06-05,"Action, Thriller, Crime, Mystery, Science Fiction"
497828,Triangle of Sadness,15600000,24733572,147,6.196,7.016,2920,2022-09-18,"Comedy, Drama"
800939,Ticket to Paradise,20000000,168800000,104,17.3554,6.418,1410,2022-09-08,"Drama, Comedy, Romance"
1079485,Winnie-the-Pooh: Blood and Honey 2,415000,7582541,93,7.2616,5.79,485,2024-03-26,"Horror, Thriller"
424139,Halloween,10000000,259939869,106,7.2912,6.565,5098,2018-10-18,"Horror, Thriller"
22744,Jane Eyre,1705000,3550000,97,12.4778,6.929,154,1943-12-24,"Drama, Romance"
399579,Alita: Battle Angel,170000000,405000000,122,14.4431,7.266,10165,2019-01-31,"Action, Science Fiction, Adventure"
1136867,Materialists,20000000,107949056,116,7.9677,6.279,1365,2025-06-12,"Romance, Drama"
14574,The Boy in the Striped Pyjamas,12500000,20416563,94,8.9931,7.821,7729,2008-05-07,"Drama, War, History"
260346,Taken 3,48000000,325800000,109,11.9972,6.267,6201,2014-12-16,"Thriller, Action"
22794,Cloudy with a Chance of Meatballs,100000000,242988466,90,8.8985,6.661,6516,2009-09-17,"Animation, Comedy, Family"
22803,Law Abiding Citizen,53000000,127900000,109,8.5948,7.398,5736,2009-10-15,"Drama, Crime, Thriller"
1317149,I Swear,3730000,15564405,121,12.1094,8.238,395,2025-09-22,"Drama, History"
6435,Practical Magic,75000000,46733235,104,7.2951,6.789,1740,1998-10-16,"Romance, Comedy, Fantasy"
293167,Kong: Skull Island,185000000,566652812,118,13.1262,6.556,11216,2017-03-08,"Action, Adventure, Fantasy"
22832,Ninja Assassin,40000000,61601280,99,8.0236,6.735,1821,2009-09-29,"Action, Adventure, Thriller"
776503,CODA,10000000,1905058,112,8.8771,7.891,2636,2021-08-13,"Drama, Music, Romance"
6477,Alvin and the Chipmunks,60000000,361366633,92,10.9379,5.843,4781,2007-12-13,"Comedy, Family, Fantasy, Animation"
6479,I Am Legend,150000000,585410052,101,13.0018,7.219,17008,2007-12-12,"Drama, Science Fiction, Thriller"
39254,Real Steel,110000000,299300000,127,24.2548,7.123,9340,2011-09-28,"Action, Science Fiction, Drama"
22881,The Blind Side,29000000,309231694,129,7.9154,7.666,6894,2009-11-20,Drama
1218925,Chainsaw Man - The Movie: Reze Arc,4100000,191400000,100,25.6087,8.462,1030,2025-09-19,"Animation, Action, Romance, Fantasy"
22894,Legion,26000000,67918658,100,6.2692,5.905,2906,2010-01-21,"Action, Fantasy, Horror"
1284465,The Death of Robin Hood,25000000,3200000,123,92.5001,6.8,89,2026-06-18,"Adventure, Drama, Thriller, Action"
964980,Air,80000000,90100000,112,7.2835,7.281,2367,2023-04-05,"Drama, History"
522627,The Gentlemen,22000000,115171795,113,8.5606,7.7,6697,2020-01-01,"Action, Comedy, Crime"
579974,RRR,69000000,160000000,187,9.1905,7.714,1629,2022-03-24,"Action, History, Drama"
80274,Ender's Game,110000000,125537191,114,6.7202,6.595,6314,2013-10-24,"Science Fiction, Action, Adventure"
1087891,The Amateur,60000000,96000836,123,10.9328,6.927,1664,2025-04-09,"Thriller, Action"
80278,The Impossible,45000000,198100000,113,9.223,7.376,6741,2012-09-09,"Drama, Thriller, History"
6557,27 Dresses,30000000,160300000,111,6.2754,6.453,3456,2008-01-10,"Comedy, Romance"
260513,Incredibles 2,200000000,1243225667,118,16.0974,7.454,13781,2018-06-14,"Action, Adventure, Animation, Family"
260514,Cars 3,175000000,383925276,102,16.5874,6.865,6467,2017-06-15,"Animation, Drama, Family"
1317288,Marty Supreme,65000000,191303074,150,19.8557,7.373,1980,2025-12-19,"Drama, Thriller"
72105,Ted,50000000,549368315,107,12.9384,6.455,13280,2012-06-29,"Comedy, Fantasy"
22970,The Cabin in the Woods,30000000,71038838,95,7.5194,6.655,8659,2012-04-12,"Horror, Mystery, Comedy"
14784,The Fall,30000000,3984390,117,6.3219,7.621,1565,2006-09-09,"Adventure, Fantasy, Drama"
80321,Madagascar 3: Europe's Most Wanted,145000000,746921274,93,13.6336,6.645,6630,2012-06-06,"Animation, Family, Comedy, Adventure"
588228,The Tomorrow War,200000000,14400000,138,16.579,7.518,4300,2021-09-03,"Action, Science Fiction, Adventure"
96721,Rush,38000000,90200000,123,9.4909,7.744,7908,2013-09-02,"Drama, Action"
301528,Toy Story 4,175000000,1073841394,100,28.7684,7.463,10768,2019-06-19,"Family, Comedy, Animation, Adventure"
915935,Anatomy of a Fall,6600000,36000000,151,11.1286,7.518,3367,2023-08-23,"Thriller, Mystery, Crime"
1071585,M3GAN 2.0,15000000,39173710,120,9.5779,7.17,1405,2025-06-25,"Action, Science Fiction, Thriller"
530915,1917,100000000,446064352,119,10.5011,7.986,13669,2019-12-25,"War, History, Drama"
55779,Final Destination 5,40000000,157887643,91,7.9855,6.156,4138,2011-08-12,"Horror, Mystery"
6637,National Treasure: Book of Secrets,130000000,459200000,124,6.501,6.381,5610,2007-12-19,"Action, Adventure, Mystery"
14836,Coraline,60000000,185860104,100,37.4464,7.924,9160,2009-02-05,"Animation, Family, Fantasy"
940551,Migration,72000000,298776052,83,9.941,7.4,2278,2023-12-06,"Family, Comedy, Adventure, Animation"
604685,Den of Thieves 2: Pantera,40000000,58371508,144,6.434,6.59,831,2025-01-08,"Action, Crime, Thriller"
489999,Searching,880000,75636047,102,6.8657,7.57,4277,2018-08-24,"Drama, Mystery, Thriller"
14869,G.I. Joe: The Rise of Cobra,175000000,302500000,118,7.4031,5.787,4960,2009-08-03,"Adventure, Action, Thriller, Science Fiction"
391713,Lady Bird,10000000,79000000,94,9.8253,7.251,9075,2017-09-01,"Drama, Comedy"
481848,The Call of the Wild,109000000,111200000,100,4.4296,7.513,3970,2020-02-19,"Adventure, Family, Drama"
580175,Another Round,5150000,21700000,117,5.9706,7.627,3816,2020-09-24,"Comedy, Drama"
670292,The Creator,80000000,104272136,134,11.9602,7.032,4018,2023-09-27,"Science Fiction, Action, Adventure"
39513,Paul,40000000,98000000,104,7.2847,6.748,6355,2011-02-14,"Adventure, Comedy, Science Fiction"
268896,Pacific Rim: Uprising,150000000,290061297,111,12.0998,6.124,5404,2018-03-21,"Action, Fantasy, Science Fiction, Adventure"
678512,Sound of Freedom,14500000,250600000,131,6.9907,7.952,2786,2023-07-03,"Action, Drama"
39538,Contagion,60000000,137551594,106,7.19,6.65,6599,2011-09-08,"Drama, Thriller, Science Fiction"
187017,22 Jump Street,50000000,331333876,112,8.1631,6.829,8593,2014-06-05,"Crime, Comedy, Action"
6795,Zathura: A Space Adventure,65000000,65079104,101,6.4155,6.448,3634,2005-11-06,"Science Fiction, Adventure, Family"
72331,Abraham Lincoln: Vampire Hunter,69000000,116500000,105,5.9752,5.759,3586,2012-06-20,"Action, Fantasy, Horror"
490132,Green Book,23000000,321752656,130,15.5119,8.225,13009,2018-11-16,"Drama, Comedy, History"
1325734,The Drama,28000000,132227793,105,40.5184,6.923,1306,2026-04-01,"Romance, Comedy, Drama"
940721,Godzilla Minus One,15000000,113676322,125,12.7334,7.581,3260,2023-11-03,"Science Fiction, Horror, Action"
1153714,Death of a Unicorn,15000000,16423085,107,10.4891,6.394,866,2025-03-17,"Horror, Fantasy, Comedy"
522931,Hitman's Wife's Bodyguard,70000000,70060492,117,7.0145,6.6,2629,2021-06-14,"Action, Comedy, Crime, Thriller"
522938,Rambo: Last Blood,50000000,91500000,89,8.2271,6.534,4267,2019-09-18,"Action, Thriller, Drama"
785084,The Whale,3000000,57615635,117,11.9405,7.763,4762,2022-12-09,Drama
170687,The Boxtrolls,60000000,108255770,97,8.6761,6.726,1827,2014-09-10,"Animation, Comedy, Family, Fantasy"
72387,Safe,30000000,40300000,94,5.8482,6.495,2714,2012-04-16,"Action, Crime, Thriller"
1137350,The Phoenician Scheme,30000000,40566381,102,6.096,6.5,963,2025-05-23,"Comedy, Adventure, Crime"
334541,Manchester by the Sea,9000000,79000000,138,7.2604,7.553,6461,2016-11-17,Drama
637649,Wrath of Man,40000000,103966489,119,19.0458,7.574,6173,2021-04-22,"Thriller, Crime, Drama"
211672,Minions,74000000,1159457503,91,10.4279,6.421,11174,2015-06-17,"Family, Animation, Adventure, Comedy"
424694,Bohemian Rhapsody,52000000,910813521,135,10.3032,7.956,17868,2018-10-24,"Music, Drama"
97020,RoboCop,120000000,242688965,118,7.2193,5.885,5907,2014-01-30,"Action, Science Fiction, Thriller"
916224,Suzume,13000000,314992206,122,7.2527,7.892,1781,2022-11-11,"Animation, Drama, Adventure, Fantasy"
15121,The Sound of Music,8200000,286214286,174,11.6812,7.731,3661,1965-03-29,"Drama, Family, Music, Romance"
400155,Hotel Transylvania 3: Summer Vacation,80000000,528600000,97,11.3414,6.849,4740,2018-06-28,"Animation, Comedy, Family, Fantasy"
293660,Deadpool,58000000,782837347,108,19.2332,7.624,32936,2016-02-09,"Action, Adventure, Comedy"
514847,The Hunt,14000000,12400979,90,7.6925,6.649,3720,2020-03-11,"Action, Thriller, Horror"
400160,The SpongeBob Movie: Sponge on the Run,60000000,4810790,95,6.5664,7.39,3006,2020-08-14,"Adventure, Animation, Comedy, Family, Fantasy"
375588,Robin Hood,100000000,86493046,116,7.2053,5.909,3176,2018-11-03,"Adventure, Action, Thriller, Fantasy"
293670,The Wailing,10951000,49851770,156,9.3002,7.371,2099,2016-05-12,"Horror, Mystery"
441130,Wolfwalkers,12000000,1310720,102,5.8266,8.175,1416,2020-10-26,"Animation, Family, Adventure, Fantasy"
146233,Prisoners,46000000,122127446,153,14.5307,8.106,13235,2013-09-19,"Drama, Thriller, Crime"
47933,Independence Day: Resurgence,165000000,389681935,120,7.2838,5.366,6516,2016-06-22,"Action, Adventure, Science Fiction"
6977,No Country for Old Men,25000000,171627166,122,18.1605,7.949,13491,2007-11-09,"Crime, Thriller, Western"
1022787,Elio,150000000,154291182,98,13.1686,6.901,1054,2025-06-18,"Animation, Adventure, Science Fiction, Family"
1022789,Inside Out 2,200000000,1698863816,97,25.0135,7.545,6804,2024-06-11,"Animation, Adventure, Comedy, Family"
424783,Bumblebee,135000000,467989645,114,9.6314,6.72,6699,2018-11-22,"Action, Adventure, Science Fiction"
744275,After We Fell,14000000,21753705,99,24.3629,7.001,2757,2021-09-01,"Drama, Romance"
744276,After Ever Happy,14000000,19238073,95,6.8217,6.773,1379,2022-08-24,"Romance, Drama"
269149,Zootopia,150000000,1025521689,109,24.2675,7.765,18289,2016-02-11,"Animation, Adventure, Family, Comedy"
72545,Journey 2: The Mysterious Island,79000000,355692760,94,9.2345,6.144,4550,2012-01-19,"Adventure, Action, Science Fiction"
47971,xXx: Return of Xander Cage,85000000,346118277,107,17.0776,6.131,9279,2017-01-13,"Action, Adventure, Crime"
23398,Alvin and the Chipmunks: The Squeakquel,75000000,443140005,89,6.6995,5.657,3153,2009-12-21,"Comedy, Family, Animation, Fantasy, Music"
588648,Dragonkeeper,25600000,6206231,99,7.1688,7.6,224,2024-04-11,"Animation, Family, Action, Adventure, Fantasy"
392044,Murder on the Orient Express,55000000,352800000,114,9.4603,6.707,10612,2017-11-03,"Mystery, Drama, Crime"
531309,Brightburn,6000000,33224654,91,9.7395,6.154,3513,2019-05-09,"Horror, Science Fiction, Drama"
228205,The Longest Ride,34000000,63013281,128,6.0901,7.63,3345,2015-04-09,"Drama, Romance"
310131,The Witch,4000000,40423945,92,9.7235,6.999,7737,2016-02-19,Horror
138103,The Expendables 3,95000000,214657577,126,8.1631,6.2,5393,2014-08-07,"Action, Adventure, Thriller"
72570,The Vow,30000000,196114570,104,6.3645,7.225,4281,2012-02-05,"Drama, Romance"
293767,Billy Lynn's Long Halftime Walk,40000000,30930984,113,6.186,6.026,640,2016-11-10,"Drama, War"
580489,Venom: Let There Be Carnage,110000000,506863592,97,11.8586,6.741,11251,2021-09-30,"Science Fiction, Action, Adventure"
23437,A Nightmare on Elm Street,35000000,115665418,95,6.5758,5.52,2941,2010-04-30,"Horror, Mystery, Thriller"
15255,Undisputed II: Last Man Standing,8000000,71000000,93,6.105,7.384,940,2006-04-11,"Action, Crime, Thriller, Drama"
449443,Den of Thieves,30000000,80509622,140,8.1307,6.867,3443,2018-01-18,"Crime, Thriller, Action"
1301421,The Sheep Detectives,75000000,130574611,109,67.3433,7.895,1102,2026-04-30,"Comedy, Family, Mystery"
842675,The Wandering Earth II,73800000,665000000,174,7.5636,7.296,736,2023-01-22,"Science Fiction, Action, Adventure"
515001,Jojo Rabbit,14000000,82468705,108,7.9887,7.981,10512,2019-10-18,"Comedy, War, Drama"
23483,Kick-Ass,28000000,96188903,118,9.2506,7.122,12474,2010-03-26,"Action, Crime"
56292,Mission: Impossible - Ghost Protocol,145000000,694713380,133,10.235,7.115,10851,2011-12-07,"Action, Thriller, Adventure"
531428,Portrait of a Lady on Fire,5740000,9923127,121,8.7064,8.097,2967,2019-09-06,"Drama, Romance"
293863,The Age of Adaline,25000000,65663276,112,7.3841,7.466,7132,2015-04-16,"Romance, Fantasy, Drama"
752623,The Lost City,74000000,192907684,112,11.3915,6.455,4041,2022-03-23,"Action, Adventure, Comedy"
48138,Unknown,30000000,130786397,113,6.2555,6.688,4207,2011-02-16,"Action, Mystery, Thriller"
482321,Ron's Gone Wrong,57000000,60692022,107,6.9451,7.857,2031,2021-10-14,"Animation, Science Fiction, Family, Comedy"
384018,Fast & Furious Presents: Hobbs & Shaw,200000000,760098996,137,12.5017,6.829,7835,2019-07-31,"Action, Adventure, Comedy"
7191,Cloverfield,25000000,170764026,85,6.9695,6.72,7930,2008-01-15,"Action, Thriller, Science Fiction"
539681,DC League of Super-Pets,90000000,203000000,105,6.0876,7.156,1749,2022-07-27,"Family, Comedy, Adventure, Animation, Science Fiction"
310307,The Founder,15000000,24121245,115,6.4899,7.148,5438,2016-11-24,"Drama, History"
244786,Whiplash,3300000,50307484,107,28.1878,8.376,16813,2014-10-10,"Drama, Music, Thriller"
7220,The Punisher,33000000,54700105,124,10.5144,6.378,3197,2004-04-15,"Action, Crime, Drama"
687163,Project Hail Mary,200000000,683349773,157,196.7182,8.662,6322,2026-03-15,"Science Fiction, Adventure"
7229,Ruby & Quentin,27440000,27729359,85,5.9825,6.703,910,2003-10-22,"Comedy, Crime"
23629,Sucker Punch,82000000,89792502,110,6.1336,6.204,5132,2011-03-24,"Action, Fantasy, Thriller"
97367,The Place Beyond the Pines,15000000,47135966,140,7.5934,6.978,5244,2013-03-20,"Drama, Crime"
1064028,Subservience,4400000,262793,105,16.0476,6.623,1052,2024-08-15,"Horror, Science Fiction, Thriller"
539745,Animal Farm,35000000,6268861,95,9.2744,6.4,93,2026-04-30,"Animation, Comedy, Drama, Family, Science Fiction"
64635,Total Recall,125000000,198800000,118,7.6524,6.033,5917,2012-08-02,"Action, Science Fiction, Thriller"
220289,Coherence,50000,139745,89,7.1598,7.209,3485,2014-04-06,"Thriller, Science Fiction"
7299,Equilibrium,20000000,5400000,107,5.9975,7.055,5082,2002-12-06,"Action, Science Fiction, Thriller"
400535,Sicario: Day of the Soldado,35000000,75836683,122,9.767,6.95,4097,2018-06-27,"Action, Crime, Thriller"
7326,Juno,7500000,232372681,96,6.8587,7.062,7691,2007-12-05,"Comedy, Drama, Romance"
842924,The Life of Chuck,25000000,19700844,111,6.2915,7.283,1189,2025-06-02,"Fantasy, Drama"
7340,Carrie,1800000,33800000,98,6.7514,7.335,4355,1976-11-03,"Horror, Thriller"
64686,47 Ronin,175000000,151783839,119,6.8805,6.21,4191,2013-12-06,"Drama, Action, Fantasy"
949423,Pearl,1000000,9847490,102,10.5248,7.23,2648,2022-09-16,"Horror, Drama, Thriller"
64688,21 Jump Street,42000000,201585328,109,10.9314,6.885,11121,2012-03-14,"Action, Comedy, Crime"
7345,There Will Be Blood,25000000,77208711,158,10.8947,8.068,7549,2007-12-26,Drama
64690,Drive,15000000,79713640,100,12.3946,7.583,13758,2011-09-15,"Drama, Thriller, Crime"
507089,Five Nights at Freddy's,20000000,297242145,110,13.1025,7.301,5095,2023-10-25,"Horror, Thriller"
597208,Nightmare Alley,60000000,39629195,151,6.3324,6.946,3413,2021-12-02,"Crime, Drama, Thriller"
646380,Don't Look Up,75000000,791863,138,11.118,7.061,9466,2021-12-08,"Comedy, Science Fiction, Drama"
474350,It Chapter Two,79000000,473123154,169,11.7977,6.837,9713,2019-09-04,"Horror, Thriller, Drama"
646385,Scream,24000000,138874789,114,11.1328,6.7,3937,2022-01-12,"Horror, Mystery"
646389,Plane,25000000,74515586,107,6.427,6.893,2692,2023-01-11,"Action, Adventure, Thriller"
7443,Chicken Run,45000000,224834564,84,7.6647,6.849,5452,2000-06-23,"Animation, Comedy, Family"
1064213,Anora,6000000,56286295,139,15.2685,7.073,3279,2024-10-14,"Drama, Comedy, Romance"
7446,Tropic Thunder,92000000,195702811,107,7.9347,6.72,7054,2008-08-09,"Action, Comedy, War"
7445,Brothers,26000000,43500000,105,6.6771,7.313,3966,2009-12-02,"Drama, Thriller, War"
7451,xXx,70000000,277448382,124,17.9362,5.989,4966,2002-08-09,"Action, Adventure, Thriller, Crime, Drama"
7459,Speed Racer,120000000,93900000,135,5.8074,6.374,1804,2008-05-07,"Family, Action, Adventure, Comedy"
359724,Ford v Ferrari,97600000,225508210,153,13.6524,8.008,9102,2019-11-13,"Drama, History, Action"
204082,Homefront,22000000,51695362,100,7.0981,6.946,3895,2013-11-12,"Action, Thriller"
425274,Now You See Me: Now You Don't,90000000,243700000,112,25.9129,6.483,1677,2025-11-12,"Crime, Thriller"
7484,Open Season,85000000,200811689,86,6.3749,6.195,3034,2006-09-27,"Animation, Family, Adventure, Comedy"
7485,Shooter,61000000,95700000,124,11.7673,7.129,5520,2007-03-22,"Drama, Action, Thriller"
302401,Snowden,40000000,37357216,135,5.9956,7.113,4703,2016-09-15,"Drama, History, Crime, Thriller"
277834,Moana,150000000,690860472,107,8.5879,7.566,13852,2016-10-13,"Adventure, Comedy, Family, Animation"
7512,Idiocracy,30000000,495303,85,10.9652,6.38,3645,2006-09-01,"Comedy, Science Fiction, Adventure"
7518,Over the Hedge,80000000,343397247,83,8.536,6.601,4898,2006-05-17,"Adventure, Animation, Comedy, Family"
97630,Zero Dark Thirty,40000000,132800000,157,6.5427,6.991,4931,2012-12-19,"Thriller, Drama"
507244,Afterburn,60000000,1319121,106,6.4517,6.249,315,2025-08-20,"Action, Science Fiction, Comedy"
318846,The Big Short,28000000,133346506,131,11.3242,7.368,9922,2015-12-11,"Comedy, Drama"
572802,Aquaman and the Lost Kingdom,205000000,440181226,124,26.2961,6.5,3563,2023-12-20,"Action, Adventure, Fantasy"
933260,The Substance,17500000,77316812,141,24.0437,7.133,6206,2024-09-07,"Horror, Science Fiction, Thriller"
89492,This Is 40,35000000,88200000,134,6.869,5.895,2363,2012-12-20,Comedy
695721,The Hunger Games: The Ballad of Songbirds & Snakes,100000000,337371917,157,12.3939,6.974,3569,2023-11-15,"Science Fiction, Action"
1523145,Your Heart Will Be Broken,3716000,7578000,134,157.574,7.184,117,2026-03-26,Romance
24021,The Twilight Saga: Eclipse,68000000,698491347,124,10.8433,6.2,9304,2010-06-23,"Adventure, Fantasy, Drama, Romance"
114150,Pitch Perfect,17000000,115647737,112,8.2318,7.264,6924,2012-09-28,"Comedy, Music, Romance"
1195506,Novocaine,18000000,34536061,110,8.9671,6.786,1662,2025-03-03,"Action, Comedy, Thriller"
359940,"Three Billboards Outside Ebbing, Missouri",15000000,162729321,115,8.1008,8.054,11005,2017-12-01,"Crime, Drama"
286217,The Martian,108000000,631058917,141,22.2476,7.705,21468,2015-09-30,"Science Fiction, Drama, Adventure"
1318413,Pressure,30000000,18338606,101,20.6558,7.516,158,2026-05-25,"Thriller, History, War"
1138194,Heretic,10000000,51913394,111,11.2344,6.971,2728,2024-10-31,"Thriller, Horror"
556574,Hamilton,12500000,20659643,160,6.3928,7.807,127,2025-09-05,"History, Drama"
400928,Gifted,7000000,40300000,101,6.9205,7.995,5992,2017-04-07,"Drama, Comedy"
343611,Jack Reacher: Never Go Back,60000000,162100000,118,8.1795,6.027,5393,2016-10-19,"Action, Thriller, Drama, Crime"
1367642,Reminders of Him,30000000,89039780,114,12.5478,7.765,359,2026-03-11,"Romance, Drama"
138843,The Conjuring,13000000,321293998,112,24.6038,7.541,12854,2013-07-18,"Horror, Thriller"
302699,Central Intelligence,50000000,216972543,107,7.9052,6.417,6404,2016-06-15,"Action, Comedy"
343668,Kingsman: The Golden Circle,104000000,410902662,141,9.7438,6.945,11214,2017-09-20,"Action, Adventure, Comedy, Crime, Science Fiction"
278154,Ice Age: Collision Course,105000000,408579038,95,18.1069,6.12,4917,2016-06-23,"Adventure, Animation, Family, Comedy, Science Fiction"
1072790,Anyone but You,25000000,214891370,103,13.7347,6.8,3138,2023-12-21,"Romance, Comedy"
556694,Three Thousand Years of Longing,60000000,20300000,108,6.0141,6.9,1686,2022-08-24,"Drama, Fantasy, Romance"
1081003,Supergirl,175000000,120067228,108,392.937,6.1,512,2026-06-24,"Action, Adventure, Science Fiction"
458423,Mamma Mia! Here We Go Again,75000000,395607854,114,9.5572,7.075,3593,2018-07-18,"Comedy, Romance"
753342,Napoleon,165000000,222435664,158,10.5979,6.302,3161,2023-11-22,"History, War, Romance, Action, Drama"
1171145,Crime 101,90000000,72900246,141,33.905,7.01,1191,2026-02-11,"Crime, Thriller"
442062,Goosebumps 2: Haunted Halloween,35000000,93320380,90,6.4387,6.1,1642,2018-10-11,"Comedy, Fantasy, Horror, Family"
974576,Conclave,20000000,115657988,120,9.9154,7.191,3476,2024-10-25,"Drama, Thriller"
524047,Greenland,34000000,52300000,120,13.5574,7.13,5410,2020-07-29,"Thriller, Action, Science Fiction"
581392,Peninsula,17000000,42698327,116,7.1529,6.714,2612,2020-07-15,"Horror, Action, Thriller, Adventure"
139038,A Haunted House,2500000,60141683,86,5.5753,5.956,2079,2013-01-11,"Comedy, Horror"
57158,The Hobbit: The Desolation of Smaug,250000000,958400000,161,15.8139,7.582,14338,2013-12-11,"Fantasy, Adventure, Action"
8009,Highlander,19000000,12900000,116,7.2028,6.87,2950,1986-03-07,"Adventure, Action, Fantasy"
1097549,Babygirl,20000000,60934894,115,15.6266,5.715,1246,2024-12-25,"Romance, Thriller"
57165,Wrath of the Titans,150000000,301970083,99,9.4717,5.766,4535,2012-03-28,"Fantasy, Adventure, Action"
24428,The Avengers,220000000,1518815515,143,47.6264,8.058,38833,2012-04-25,"Science Fiction, Action, Adventure"
57201,The Lone Ranger,215000000,260502115,149,6.7887,6.127,6206,2013-07-03,"Action, Adventure, Western"
8055,The Reader,32000000,108902486,124,7.1559,7.468,3421,2008-12-10,"Drama, Romance"
57212,War Horse,66000000,177584879,146,7.1307,7.308,3719,2011-12-25,"War, History, Drama"
884605,No Hard Feelings,45000000,83000000,103,8.1834,6.7,3921,2023-06-15,"Comedy, Romance"
49026,The Dark Knight Rises,250000000,1081041287,165,22.4328,7.796,24564,2012-07-17,"Action, Crime, Drama, Thriller"
8077,Alien³,50000000,159773545,114,10.6925,6.388,6444,1992-05-22,"Science Fiction, Action, Horror"
8078,Alien Resurrection,70000000,162000000,109,11.5166,6.173,5633,1997-11-12,"Science Fiction, Horror, Action"
49040,The Bourne Legacy,130000000,276600000,135,6.3249,6.251,6186,2012-08-08,"Action, Thriller"
49047,Gravity,105000000,723192705,91,13.6314,7.171,16451,2013-10-03,"Science Fiction, Thriller, Drama"
581528,"The Gangster, the Cop, the Devil",6500000,25775371,110,11.2972,7.883,1526,2019-05-15,"Action, Crime, Thriller"
49049,Dredd,50000000,41037742,96,6.452,6.861,5594,2012-09-07,"Action, Science Fiction"
491418,Instant Family,48000000,121000000,118,7.4292,7.496,3259,2018-11-13,"Comedy, Drama"
49051,The Hobbit: An Unexpected Journey,250000000,1021103568,169,17.6779,7.379,19792,2012-12-12,"Adventure, Fantasy, Action"
8095,Cleopatra,36115000,57779280,251,6.2674,7.045,860,1963-06-12,"Drama, History, Romance"
450465,Glass,20000000,246999039,129,8.4477,6.666,9150,2019-01-16,"Thriller, Drama, Science Fiction"
16290,Jackass 3D,20000000,117224271,94,6.272,6.618,1485,2010-10-15,"Comedy, Documentary, Action"
1228710,The Mandalorian and Grogu,165000000,344818222,132,245.8769,7.02,775,2026-05-20,"Action, Adventure, Science Fiction"
1023922,MaXXXine,10000000,22057160,103,6.9538,6.285,1551,2024-07-04,"Horror, Thriller"
335797,Sing,75000000,634151679,108,11.245,7.125,8487,2016-11-23,"Animation, Comedy, Family, Music"
425909,Ghostbusters: Afterlife,75000000,204445747,124,10.4636,7.318,5218,2021-11-18,"Fantasy, Comedy, Adventure"
16320,Serenity,39000000,38869464,119,5.9845,7.365,3913,2005-09-25,"Science Fiction, Action, Adventure, Thriller"
1220564,The Secret Agent,5000000,18988224,161,10.565,7.209,767,2025-07-23,"Thriller, Drama, Crime"
270303,It Follows,2300000,23374076,101,29.825,6.584,7008,2015-02-04,"Horror, Mystery"
458723,Us,20000000,256071218,116,9.0367,6.945,8155,2019-03-14,"Horror, Mystery"
16363,The Best Little Whorehouse in Texas,27500000,69702172,114,8.774,6.225,180,1982-07-23,Comedy
147441,Exodus: Gods and Kings,140000000,268031828,150,10.9665,5.882,4880,2014-12-03,"Adventure, Drama, Action"
917496,Beetlejuice Beetlejuice,99000000,452000435,105,14.0603,6.929,3191,2024-09-04,"Comedy, Fantasy, Horror"
73723,The Lorax,70000000,349305397,86,10.6569,6.537,3920,2012-03-01,"Animation, Family"
